City_ID,City,Country,Date,Lat,Lng,Max Temp,Humidity,Cloudiness,Wind Speed
0,mosquera,CO,2019-12-27 07:10:41,4.71,-74.23,53.6,87,40,4.7
1,kodiak,US,2019-12-27 07:10:41,39.95,-94.76,30.99,92,1,4.68
2,itoman,JP,2019-12-27 07:10:41,26.12,127.67,66.2,63,75,21.92
3,hermanus,ZA,2019-12-27 07:10:41,-34.42,19.24,66.99,55,22,1.01
4,tuktoyaktuk,CA,2019-12-27 07:10:42,69.44,-133.03,-18.4,75,90,14.99
5,bluff,AU,2019-12-27 07:10:42,-23.58,149.07,87.96,37,48,17.13
6,souillac,FR,2019-12-27 07:10:42,45.6,-0.6,46.4,100,71,8.05
7,ushuaia,AR,2019-12-27 07:10:43,-54.81,-68.31,51.8,76,90,7.58
8,butaritari,KI,2019-12-27 07:10:43,3.07,172.79,84.04,79,93,12.66
9,nelson bay,AU,2019-12-27 07:10:43,-32.72,152.14,78.8,54,0,21.92
10,ribeira grande,PT,2019-12-27 07:10:43,38.52,-28.7,62.71,92,100,36.01
11,balta,UA,2019-12-27 07:10:43,47.94,29.62,37.02,92,100,13.8
12,podgorica,ME,2019-12-27 07:10:44,42.44,19.26,48.2,41,20,9.17
13,barrow,AR,2019-12-27 07:10:44,-38.31,-60.23,64.85,78,76,12.95
14,morondava,MG,2019-12-27 07:10:44,-20.3,44.28,95.36,42,0,4.09
15,port alfred,ZA,2019-12-27 07:10:45,-33.59,26.89,70.0,57,73,13.0
16,iqaluit,CA,2019-12-27 07:10:45,63.75,-68.52,1.4,77,90,16.11
17,dikson,RU,2019-12-27 07:10:45,73.51,80.55,-7.87,95,100,16.11
18,arraial do cabo,BR,2019-12-27 07:10:45,-22.97,-42.02,74.84,90,0,16.93
19,upernavik,GL,2019-12-27 07:10:45,72.79,-56.15,2.05,69,1,8.48
20,mahebourg,MU,2019-12-27 07:10:46,-20.41,57.7,84.2,74,75,21.92
21,virginia beach,US,2019-12-27 07:10:46,36.85,-75.98,46.99,100,90,4.7
22,mar del plata,AR,2019-12-27 07:10:46,-46.43,-67.52,65.28,44,84,24.05
23,cherskiy,RU,2019-12-27 07:10:46,68.75,161.3,-30.96,90,0,5.23
24,qaanaaq,GL,2019-12-27 07:10:47,77.48,-69.36,-5.12,62,0,7.0
25,gornopravdinsk,RU,2019-12-27 07:10:47,60.06,69.92,-9.42,95,62,7.05
26,rikitea,PF,2019-12-27 07:10:47,-23.12,-134.97,73.78,92,100,6.96
27,newport,GB,2019-12-27 07:10:47,51.59,-3.0,50.0,100,90,4.7
28,kilindoni,TZ,2019-12-27 07:10:48,-7.91,39.67,83.71,81,100,16.96
29,sept-iles,CA,2019-12-27 07:10:48,50.2,-66.38,-9.4,83,5,4.7
30,kapaa,US,2019-12-27 07:10:48,22.08,-159.32,75.2,83,75,10.29
31,busselton,AU,2019-12-27 07:10:48,-33.64,115.35,82.0,30,36,16.8
32,bangolo,CI,2019-12-27 07:10:49,7.01,-7.49,66.07,67,0,1.39
33,christchurch,NZ,2019-12-27 07:10:49,-43.53,172.64,71.01,37,100,18.34
34,taiyuan,CN,2019-12-27 07:10:49,37.86,112.56,44.6,17,0,8.95
35,puerto ayora,EC,2019-12-27 07:10:50,-0.74,-90.35,73.99,90,99,1.01
36,provideniya,RU,2019-12-27 07:10:50,64.42,-173.23,-11.76,73,0,8.77
37,healesville,AU,2019-12-27 07:10:50,-37.65,145.52,96.01,39,0,12.75
38,tocopilla,CL,2019-12-27 07:10:50,-22.09,-70.2,56.39,25,33,4.09
39,hithadhoo,MV,2019-12-27 07:10:51,-0.6,73.08,82.81,79,50,9.8
40,kato soulion,GR,2019-12-27 07:10:51,38.17,24.0,51.01,57,20,3.36
41,la palma,CO,2019-12-27 07:10:51,5.36,-74.39,68.49,96,100,2.91
42,jamestown,AU,2019-12-27 07:10:51,-33.21,138.6,99.97,12,15,13.06
43,atbasar,KZ,2019-12-27 07:10:52,51.81,68.36,16.07,87,81,13.2
44,homer,US,2019-12-27 07:10:52,59.64,-151.54,21.2,66,40,3.36
45,clyde river,CA,2019-12-27 07:10:52,70.47,-68.59,-4.0,91,1,4.7
46,saint-paul,FR,2019-12-27 07:10:52,45.22,1.9,44.01,93,99,2.24
47,derzhavinsk,KZ,2019-12-27 07:10:52,51.1,66.31,23.45,80,100,14.34
48,mataura,NZ,2019-12-27 07:10:53,-46.19,168.86,53.01,71,68,15.99
49,mehamn,NO,2019-12-27 07:10:53,71.03,27.85,23.74,90,99,9.73
50,midland,US,2019-12-27 07:09:21,32.0,-102.08,54.0,93,75,9.17
51,chuy,UY,2019-12-27 07:10:54,-33.69,-53.46,69.46,98,15,5.68
52,mingaora,PK,2019-12-27 07:10:54,34.78,72.36,50.49,12,85,4.52
53,kindu,CD,2019-12-27 07:10:54,-2.95,25.92,71.62,90,100,1.7
54,akhalgori,GE,2019-12-27 07:10:54,42.13,44.48,48.2,58,75,12.75
55,ostrovnoy,RU,2019-12-27 07:10:55,68.05,39.51,26.53,79,100,16.8
56,saint george,GR,2019-12-27 07:10:55,39.45,22.34,43.0,72,20,4.7
57,kota,IN,2019-12-27 07:10:48,25.17,75.86,63.21,22,0,5.14
58,albany,US,2019-12-27 07:10:55,42.65,-73.75,39.99,80,90,14.99
59,hobart,AU,2019-12-27 07:09:03,-42.88,147.33,72.0,45,20,14.99
60,san cristobal,HN,2019-12-27 07:10:56,14.68,-86.92,58.93,93,0,1.43
61,ratnagiri,IN,2019-12-27 07:10:57,16.98,73.3,93.09,39,25,2.53
62,noumea,NC,2019-12-27 07:09:45,-22.28,166.46,80.6,65,30,24.16
63,san patricio,PY,2019-12-27 07:10:57,-26.98,-56.83,73.36,83,100,8.23
64,hilo,US,2019-12-27 07:10:57,19.71,-155.08,78.8,78,90,3.36
65,porto velho,BR,2019-12-27 07:10:57,-8.75,-63.87,77.0,94,40,0.31
66,bandarbeyla,SO,2019-12-27 07:10:58,9.49,50.81,77.25,64,4,20.02
67,east london,ZA,2019-12-27 07:10:58,-33.02,27.91,68.0,49,20,21.92
68,punta arenas,CL,2019-12-27 07:10:58,-53.16,-70.91,51.8,66,67,24.16
69,rio grande,BR,2019-12-27 07:10:59,-32.03,-52.1,73.99,93,77,12.91
70,cape town,ZA,2019-12-27 07:06:40,-33.93,18.42,68.0,67,40,6.93
71,basco,US,2019-12-27 07:10:59,40.33,-91.2,37.99,76,90,12.75
72,ancud,CL,2019-12-27 07:10:59,-41.87,-73.83,55.4,100,90,16.11
73,sutton,US,2019-12-27 07:11:00,40.61,-97.86,24.8,92,1,4.7
74,douglas,US,2019-12-27 07:11:00,58.28,-134.39,39.99,100,90,4.7
75,geraldton,CA,2019-12-27 07:11:00,49.72,-86.95,24.8,85,90,8.05
76,cariati,IT,2019-12-27 07:11:00,39.5,16.95,37.0,92,50,9.95
77,longyearbyen,NO,2019-12-27 07:11:00,78.22,15.63,24.8,73,40,13.87
78,ginda,IN,2019-12-27 07:11:01,30.69,78.49,54.09,11,0,4.16
79,lacey,US,2019-12-27 07:11:01,47.03,-122.81,39.2,93,90,9.17
80,emerald,AU,2019-12-27 07:11:01,-23.53,148.16,95.0,21,0,14.99
81,castro,CL,2019-12-27 07:11:02,-42.48,-73.76,55.4,100,90,16.11
82,airai,TL,2019-12-27 07:11:02,-8.93,125.41,87.69,49,64,4.9
83,werota,ET,2019-12-27 07:11:02,11.92,37.7,66.27,57,88,9.42
84,salalah,OM,2019-12-27 07:11:02,17.01,54.1,77.0,50,63,20.8
85,carutapera,BR,2019-12-27 07:11:03,-1.2,-46.02,82.49,79,1,14.18
86,carnarvon,ZA,2019-12-27 07:11:03,-30.97,22.13,53.49,35,56,18.32
87,homa bay,KE,2019-12-27 07:11:03,-0.53,34.45,69.8,88,75,3.06
88,imeni zhelyabova,RU,2019-12-27 07:11:03,58.95,36.6,34.81,98,100,4.03
89,pevek,RU,2019-12-27 07:11:04,69.7,170.27,-15.5,97,100,6.06
90,tuatapere,NZ,2019-12-27 07:11:04,-46.13,167.69,53.01,71,40,15.99
91,nikolskoye,RU,2019-12-27 07:11:04,59.7,30.79,33.8,80,90,11.18
92,puerto del rosario,ES,2019-12-27 07:11:04,28.5,-13.86,64.4,87,8,6.93
93,sherbakul,RU,2019-12-27 07:11:05,54.63,72.39,-9.4,76,40,8.95
94,lebu,ET,2019-12-27 07:11:05,8.96,38.73,57.2,67,75,2.57
95,keetmanshoop,NA,2019-12-27 07:11:05,-26.57,18.15,60.8,55,76,6.93
96,narsaq,GL,2019-12-27 07:11:05,60.91,-46.05,37.4,32,93,17.22
97,boyabat,TR,2019-12-27 07:11:05,41.47,34.77,48.2,81,75,16.11
98,mahibadhoo,MV,2019-12-27 07:11:06,3.78,72.97,82.74,79,12,13.65
99,ponta do sol,BR,2019-12-27 07:11:06,-20.63,-46.0,64.76,93,2,3.13
100,samarai,PG,2019-12-27 07:11:06,-10.62,150.67,83.61,67,30,10.18
101,sistranda,NO,2019-12-27 07:11:07,63.73,8.83,32.0,86,20,14.99
102,meulaboh,ID,2019-12-27 07:11:07,4.14,96.13,82.2,71,41,2.57
103,katsuura,JP,2019-12-27 07:11:08,33.93,134.5,50.0,53,75,20.8
104,karlskrona,SE,2019-12-27 07:11:08,56.16,15.59,32.0,81,89,6.93
105,kahului,US,2019-12-27 07:11:08,20.89,-156.47,75.2,88,75,8.05
106,los llanos de aridane,ES,2019-12-27 07:11:09,28.66,-17.92,62.6,39,20,5.82
107,saldanha,PT,2019-12-27 07:11:09,41.42,-6.55,37.54,92,99,4.0
108,camacha,PT,2019-12-27 07:11:09,33.08,-16.33,64.4,88,20,9.17
109,lunino,RU,2019-12-27 07:11:09,53.59,45.22,24.01,64,93,4.21
110,ribeira do pombal,BR,2019-12-27 07:11:09,-10.84,-38.54,68.41,98,99,3.67
111,helong,CN,2019-12-27 07:11:10,25.94,116.13,57.34,37,0,8.5
112,menongue,AO,2019-12-27 07:11:10,-14.66,17.68,67.62,84,100,1.45
113,lompoc,US,2019-12-27 07:11:10,34.64,-120.46,46.0,80,1,9.53
114,lagoa,PT,2019-12-27 07:11:10,37.14,-8.45,66.0,48,83,8.05
115,paita,PE,2019-12-27 07:11:11,-5.09,-81.11,71.46,77,84,8.61
116,lakatoro,VU,2019-12-27 07:11:11,-16.11,167.42,82.4,94,25,6.93
117,thompson,CA,2019-12-27 07:11:11,55.74,-97.86,17.6,92,90,3.36
118,rawson,AR,2019-12-27 07:11:11,-43.3,-65.11,64.94,55,34,6.78
119,toora-khem,RU,2019-12-27 07:11:12,52.47,96.11,4.46,75,100,8.03
120,atuona,PF,2019-12-27 07:11:12,-9.8,-139.03,81.41,73,51,14.5
121,mount isa,AU,2019-12-27 07:11:12,-20.73,139.49,98.6,25,75,11.41
122,tinskoy,RU,2019-12-27 07:09:33,56.15,96.92,-17.86,95,78,9.55
123,south charleston,US,2019-12-27 07:09:49,38.37,-81.7,50.0,87,90,2.82
124,vaini,IN,2019-12-27 07:11:13,15.34,74.49,84.2,54,40,6.93
125,shiraoi,JP,2019-12-27 07:11:13,42.56,141.33,28.4,79,75,19.46
126,buala,SB,2019-12-27 07:11:13,-8.15,159.59,82.02,74,65,2.89
127,guerrero negro,MX,2019-12-27 07:11:14,27.97,-114.04,59.92,77,79,8.88
128,tiksi,RU,2019-12-27 07:11:14,71.64,128.87,-30.64,98,39,2.82
129,guatire,VE,2019-12-27 07:11:14,10.47,-66.54,77.0,83,100,6.93
130,hofn,IS,2019-12-27 07:11:14,64.25,-15.21,47.03,92,100,23.53
131,nanortalik,GL,2019-12-27 07:11:15,60.14,-45.24,31.91,48,99,2.44
132,bambous virieux,MU,2019-12-27 07:11:15,-20.34,57.76,84.2,74,75,21.92
133,yellowknife,CA,2019-12-27 07:11:15,62.45,-114.38,14.0,92,75,13.87
134,athabasca,CA,2019-12-27 07:11:16,54.72,-113.29,11.52,76,0,8.84
135,codrington,AU,2019-12-27 07:11:16,-28.95,153.24,82.4,50,40,10.29
136,oyama,JP,2019-12-27 07:11:16,36.31,139.8,55.99,49,40,9.17
137,aklavik,CA,2019-12-27 07:11:16,68.22,-135.01,-20.2,75,90,6.93
138,severo-kurilsk,RU,2019-12-27 07:11:16,50.68,156.12,24.57,97,100,2.26
139,sayyan,YE,2019-12-27 07:11:17,15.17,44.32,53.8,39,0,2.01
140,norman wells,CA,2019-12-27 07:11:17,65.28,-126.83,-16.6,68,75,19.46
141,cogealac,RO,2019-12-27 07:11:17,44.56,28.56,41.0,93,2,9.17
142,esperance,AU,2019-12-27 07:11:17,-33.86,121.89,75.2,47,39,13.87
143,vallenar,CL,2019-12-27 07:11:18,-28.58,-70.76,59.02,66,65,2.82
144,kuala perlis,MY,2019-12-27 07:11:18,6.4,100.14,91.4,55,20,12.75
145,saskylakh,RU,2019-12-27 07:11:19,71.97,114.09,-33.38,100,0,1.23
146,itarema,BR,2019-12-27 07:11:19,-2.92,-39.92,79.68,79,34,7.92
147,verkhnevilyuysk,RU,2019-12-27 07:11:19,63.45,120.31,-36.92,96,82,3.87
148,dhankuta,NP,2019-12-27 07:11:19,26.98,87.34,56.16,42,0,4.34
149,palu,ID,2019-12-27 07:11:19,-0.9,119.87,77.25,88,100,3.11
150,weihai,CN,2019-12-27 07:11:20,37.5,122.11,37.0,69,0,9.82
151,leh,IN,2019-12-27 07:11:20,34.16,77.58,0.99,20,0,2.13
152,kailua,US,2019-12-27 07:11:20,21.39,-157.74,78.8,100,75,3.36
153,new norfolk,AU,2019-12-27 07:11:21,-42.78,147.06,69.01,45,20,14.99
154,amuntai,ID,2019-12-27 07:11:21,-2.42,115.25,90.19,53,37,2.77
155,chokurdakh,RU,2019-12-27 07:11:21,70.62,147.9,-23.08,99,78,2.37
156,saint-augustin,CA,2019-12-27 07:11:21,45.63,-73.98,37.0,85,90,8.05
157,san quintin,PH,2019-12-27 07:11:21,17.54,120.52,84.04,68,79,9.75
158,churapcha,RU,2019-12-27 07:11:22,62.0,132.43,-39.15,95,11,4.38
159,ciudad bolivar,VE,2019-12-27 07:11:22,8.12,-63.55,76.42,87,88,7.58
160,balikpapan,ID,2019-12-27 07:11:22,-1.24,116.86,88.03,63,100,3.24
161,hobyo,SO,2019-12-27 07:11:22,5.35,48.53,79.93,63,1,15.7
162,novoagansk,RU,2019-12-27 07:11:23,61.94,76.66,-16.65,97,87,4.72
163,college,US,2019-12-27 07:11:23,64.86,-147.8,-18.0,68,90,2.57
164,kudat,MY,2019-12-27 07:11:23,6.89,116.84,80.6,83,75,9.17
165,alofi,NU,2019-12-27 07:09:45,-19.06,-169.92,78.8,74,100,6.93
166,talnakh,RU,2019-12-27 07:11:23,69.49,88.39,-27.4,74,20,2.15
167,wattegama,LK,2019-12-27 07:11:24,7.35,80.68,85.95,49,0,3.98
168,roma,IT,2019-12-27 07:10:00,41.89,12.48,48.2,93,40,5.82
169,yulara,AU,2019-12-27 07:11:24,-25.24,130.99,111.2,8,62,12.75
170,agogo,GH,2019-12-27 07:11:25,6.8,-1.08,69.12,94,0,2.84
171,sevsk,RU,2019-12-27 07:11:25,52.15,34.49,35.13,95,100,2.66
172,horodkivka,UA,2019-12-27 07:11:25,49.91,28.98,35.29,95,100,15.95
173,oga,IT,2019-12-27 07:11:26,46.46,10.35,33.01,85,75,2.24
174,wadern,DE,2019-12-27 07:11:26,49.54,6.89,46.0,100,75,2.24
175,general roca,AR,2019-12-27 07:11:26,-39.03,-67.58,64.4,39,92,5.64
176,broken hill,AU,2019-12-27 07:11:26,-31.97,141.45,104.0,11,84,8.05
177,phalaborwa,ZA,2019-12-27 07:11:27,-23.95,31.14,89.6,49,0,3.36
178,liure,HN,2019-12-27 07:11:27,13.53,-87.09,53.6,81,20,5.77
179,bulolo,PG,2019-12-27 07:11:27,-7.2,146.64,82.26,57,100,1.99
180,necochea,AR,2019-12-27 07:09:13,-38.55,-58.74,64.99,1,88,8.99
181,fortuna,US,2019-12-27 07:11:28,40.6,-124.16,37.4,93,75,4.7
182,kikwit,CD,2019-12-27 07:11:28,-5.04,18.82,73.98,86,71,2.06
183,srednekolymsk,RU,2019-12-27 07:11:28,67.46,153.71,-33.65,93,0,2.37
184,mahina,ML,2019-12-27 07:11:28,13.76,-10.85,64.8,12,0,2.68
185,fairbanks,US,2019-12-27 07:07:56,64.84,-147.72,-17.0,68,90,1.12
186,cascais,PT,2019-12-27 07:07:54,38.7,-9.42,55.0,87,83,5.82
187,roseburg,US,2019-12-27 07:07:38,43.22,-123.34,34.0,86,1,4.7
188,macau,BR,2019-12-27 07:11:29,-5.11,-36.64,77.94,78,50,17.31
189,turukhansk,RU,2019-12-27 07:11:29,65.8,87.96,-26.88,100,83,1.92
190,hualmay,PE,2019-12-27 07:11:30,-11.1,-77.61,65.5,85,99,1.39
191,draguignan,FR,2019-12-27 07:11:30,43.54,6.46,55.0,87,67,3.36
192,half moon bay,US,2019-12-27 07:11:31,37.46,-122.43,50.0,70,1,3.36
193,zhigansk,RU,2019-12-27 07:11:31,66.77,123.37,-31.45,95,100,8.08
194,marsh harbour,BS,2019-12-27 07:11:31,26.54,-77.06,75.24,81,96,24.7
195,banaue,PH,2019-12-27 07:11:32,16.91,121.06,67.24,92,98,3.27
196,athens,GR,2019-12-27 07:11:32,37.98,23.73,51.01,57,20,3.36
197,goderich,CA,2019-12-27 07:11:32,43.74,-81.71,52.0,96,100,10.0
198,verkhnyaya inta,RU,2019-12-27 07:11:32,65.99,60.32,13.69,95,100,5.23
199,georgetown,GY,2019-12-27 07:11:15,6.8,-58.16,75.2,100,75,9.17
200,floro,NO,2019-12-27 07:11:33,61.6,5.03,35.01,86,97,10.29
201,hasaki,JP,2019-12-27 07:11:33,35.73,140.83,54.0,40,20,24.16
202,ilulissat,GL,2019-12-27 07:11:33,69.22,-51.1,5.0,45,0,8.05
203,isangel,VU,2019-12-27 07:11:34,-19.55,169.27,80.6,78,100,5.82
204,soyo,AO,2019-12-27 07:11:34,-6.13,12.37,77.0,94,75,3.2
205,milkovo,BG,2019-12-27 07:11:34,41.53,24.68,45.0,73,40,3.36
206,jasper,US,2019-12-27 07:11:34,33.83,-87.28,57.99,100,1,3.91
207,nantucket,US,2019-12-27 07:11:35,41.28,-70.1,37.0,60,1,6.78
208,novyy urengoy,RU,2019-12-27 07:11:12,66.08,76.63,-15.32,97,63,8.86
209,harer,US,2019-12-27 07:11:35,42.19,-111.17,19.0,84,40,13.87
210,tabou,CI,2019-12-27 07:11:35,4.42,-7.36,73.94,93,0,3.49
211,severo-yeniseyskiy,RU,2019-12-27 07:11:35,60.37,93.04,-23.82,96,47,1.83
212,lokoja,NG,2019-12-27 07:11:36,7.8,6.74,71.46,27,11,1.12
213,khatanga,RU,2019-12-27 07:11:36,71.98,102.47,-27.47,94,86,4.29
214,obo,CF,2019-12-27 07:11:36,5.39,26.49,71.76,20,54,9.08
215,palm beach,AU,2019-12-27 07:11:36,-33.6,151.32,84.99,54,0,24.16
216,ust-kishert,RU,2019-12-27 07:11:37,57.36,57.24,14.7,84,100,8.3
217,erdenet,MN,2019-12-27 07:11:37,49.03,104.04,6.85,79,15,3.78
218,luanda,AO,2019-12-27 07:11:37,-8.83,13.24,80.6,83,20,3.36
219,westport,US,2019-12-27 07:09:43,41.14,-73.36,46.99,81,90,4.7
220,itigi,TZ,2019-12-27 07:11:38,-5.7,34.5,67.71,88,99,7.05
221,cayenne,GF,2019-12-27 07:11:38,4.94,-52.33,77.0,94,75,6.38
222,okha,RU,2019-12-27 07:11:38,53.59,142.95,-1.62,95,98,18.12
223,mount gambier,AU,2019-12-27 07:10:51,-37.83,140.78,96.8,11,8,9.17
224,victoria,BN,2019-12-27 07:11:39,5.28,115.24,84.2,70,75,4.7
225,flinders,AU,2019-12-27 07:11:39,-34.58,150.85,82.99,42,0,13.87
226,qianan,CN,2019-12-27 07:11:39,44.99,124.06,4.19,90,0,7.31
227,aranos,NA,2019-12-27 07:11:39,-24.14,19.11,72.79,18,16,16.98
228,karratha,AU,2019-12-27 07:11:39,-20.74,116.85,89.85,59,61,18.52
229,khasan,RU,2019-12-27 07:11:40,42.43,130.64,17.2,41,0,11.1
230,yumen,CN,2019-12-27 07:11:40,40.29,97.04,23.22,48,15,17.45
231,sambava,MG,2019-12-27 07:11:40,-14.27,50.17,81.12,80,100,2.39
232,ngunguru,NZ,2019-12-27 07:11:40,-35.62,174.5,64.99,83,4,4.0
233,la brea,TT,2019-12-27 07:11:41,10.24,-61.62,77.0,88,20,6.93
234,ulaangom,MN,2019-12-27 07:11:41,49.98,92.07,3.24,88,84,0.96
235,lorengau,PG,2019-12-27 07:11:41,-2.02,147.27,82.4,79,100,10.31
236,bada,NG,2019-12-27 07:11:42,7.45,3.75,69.31,30,0,2.8
237,vilyuysk,RU,2019-12-27 07:11:42,63.75,121.63,-36.49,94,95,5.59
238,brae,GB,2019-12-27 07:11:42,60.4,-1.35,46.4,81,40,19.46
239,lexington park,US,2019-12-27 07:11:42,38.26,-76.45,42.8,100,1,3.36
240,kafanchan,NG,2019-12-27 07:11:43,9.58,8.3,65.57,24,44,7.0
241,port blair,IN,2019-12-27 07:09:58,11.67,92.75,78.84,68,0,6.53
242,usolye-sibirskoye,RU,2019-12-27 07:11:43,52.75,103.66,5.11,92,100,11.77
243,komsomolskiy,RU,2019-12-27 07:11:43,67.55,63.78,-4.31,89,97,1.79
244,bredasdorp,ZA,2019-12-27 07:11:44,-34.53,20.04,66.99,55,37,8.05
245,ahome,MX,2019-12-27 07:11:44,25.92,-109.18,55.0,89,10,3.0
246,sitrah,BH,2019-12-27 07:11:44,26.15,50.62,71.6,68,0,6.93
247,lasa,CY,2019-12-27 07:11:44,34.92,32.53,53.6,81,40,8.05
248,touros,BR,2019-12-27 07:11:45,-5.2,-35.46,75.2,83,20,3.36
249,cidreira,BR,2019-12-27 07:11:45,-30.17,-50.22,73.63,90,98,25.68
250,torbay,CA,2019-12-27 07:11:45,47.66,-52.73,33.01,92,90,28.86
251,constitucion,MX,2019-12-27 07:11:45,23.99,-104.67,48.0,62,0,5.01
252,vila velha,BR,2019-12-27 07:11:45,-3.71,-38.6,86.0,74,20,13.87
253,shrigonda,IN,2019-12-27 07:11:46,18.61,74.7,79.32,58,34,7.9
254,bilibino,RU,2019-12-27 07:11:46,68.06,166.44,-27.96,100,4,1.21
255,swellendam,ZA,2019-12-27 07:11:46,-34.02,20.44,64.4,55,84,8.05
256,bonavista,CA,2019-12-27 07:11:46,48.65,-53.11,32.0,87,100,17.0
257,pochutla,MX,2019-12-27 07:11:47,15.74,-96.47,72.0,91,0,8.12
258,puerto narino,CO,2019-12-27 07:11:47,-3.77,-70.38,75.2,100,75,0.94
259,saint-pierre,FR,2019-12-27 07:11:47,48.95,4.24,48.2,100,90,11.41
260,sarangani,PH,2019-12-27 07:11:47,5.4,125.46,82.13,79,0,15.52
261,cananeia,BR,2019-12-27 07:11:48,-25.01,-47.93,69.42,91,25,1.97
262,atotonilco el grande,MX,2019-12-27 07:11:48,20.29,-98.67,51.98,88,38,1.41
263,nyurba,RU,2019-12-27 07:11:48,63.29,118.35,-38.27,95,67,3.67
264,emirdag,TR,2019-12-27 07:11:48,39.02,31.15,33.8,80,40,14.99
265,cabo san lucas,MX,2019-12-27 07:11:49,22.89,-109.91,64.99,82,40,9.19
266,libreville,GA,2019-12-27 07:11:49,0.39,9.45,78.8,94,20,5.82
267,amga,RU,2019-12-27 07:11:49,60.89,131.98,-39.26,96,15,2.1
268,poum,MK,2019-12-27 07:11:49,41.28,20.71,33.8,69,20,2.24
269,kavaratti,IN,2019-12-27 07:11:50,10.57,72.64,87.8,66,20,4.7
270,nishihara,JP,2019-12-27 07:11:50,35.74,139.53,55.99,43,20,34.45
271,bara,NG,2019-12-27 07:11:50,10.41,10.6,58.44,28,6,6.55
272,buochs,CH,2019-12-27 07:11:50,46.97,8.42,44.01,93,75,3.36
273,mitu,IR,2019-12-27 07:11:51,36.2,46.09,31.86,98,100,12.41
274,deputatskiy,RU,2019-12-27 07:11:51,69.3,139.9,-33.72,100,100,2.01
275,kieta,PG,2019-12-27 07:11:52,-6.22,155.63,83.55,70,1,7.29
276,beringovskiy,RU,2019-12-27 07:11:52,63.05,179.32,-15.57,97,73,20.2
277,comodoro rivadavia,AR,2019-12-27 07:11:52,-45.87,-67.48,68.0,40,64,12.75
278,palauig,PH,2019-12-27 07:11:52,15.44,119.9,79.95,78,85,4.21
279,grenada,US,2019-12-27 07:11:52,33.77,-89.81,55.4,93,1,5.61
280,brawley,US,2019-12-27 07:11:53,32.98,-115.53,46.4,75,75,5.82
281,burdur,TR,2019-12-27 07:11:53,37.72,30.29,37.4,74,40,17.22
282,pimenta bueno,BR,2019-12-27 07:11:53,-11.68,-61.19,71.46,88,78,1.77
283,egvekinot,RU,2019-12-27 07:11:53,66.32,-179.17,-21.3,92,0,7.74
284,nichinan,JP,2019-12-27 07:11:54,31.65,131.31,53.6,37,20,14.99
285,sechura,PE,2019-12-27 07:11:54,-5.56,-80.82,69.82,87,96,9.75
286,ledyard,US,2019-12-27 07:11:54,41.44,-72.02,41.0,80,90,3.36
287,qasigiannguit,GL,2019-12-27 07:11:55,68.82,-51.19,5.0,45,0,8.05
288,sorland,NO,2019-12-27 07:11:55,67.67,12.69,37.4,86,75,14.99
289,vila franca do campo,PT,2019-12-27 07:11:55,37.72,-25.43,66.2,82,40,23.04
290,kontagora,NG,2019-12-27 07:11:55,10.4,5.47,67.5,18,0,8.1
291,kayerkan,RU,2019-12-27 07:11:56,69.35,87.76,-27.4,74,20,1.54
292,the valley,AI,2019-12-27 07:11:56,18.22,-63.06,80.6,83,20,2.24
293,igarka,RU,2019-12-27 07:11:56,67.47,86.57,-24.81,99,81,2.19
294,saint-philippe,CA,2019-12-27 07:11:56,45.36,-73.48,37.99,85,90,8.05
295,sola,TZ,2019-12-27 07:11:56,-3.17,33.8,69.85,80,72,5.68
296,kihei,US,2019-12-27 07:10:50,20.76,-156.45,75.2,88,75,8.05
297,muros,ES,2019-12-27 07:11:57,42.77,-9.06,44.01,77,43,2.01
298,vao,EE,2019-12-27 07:11:57,59.1,26.19,29.88,90,100,9.24
299,beloha,MG,2019-12-27 07:11:57,-25.17,45.06,93.43,37,0,7.07
300,namibe,AO,2019-12-27 07:11:58,-15.19,12.15,73.74,79,91,0.76
301,pokrovsk,RU,2019-12-27 07:11:58,61.48,129.14,-41.66,98,76,3.56
302,oriximina,BR,2019-12-27 07:11:58,-1.77,-55.87,76.66,92,43,5.06
303,independence,US,2019-12-27 07:11:58,39.09,-94.42,35.01,74,75,3.36
304,matadi,CD,2019-12-27 07:11:59,-5.83,13.46,74.64,94,100,1.5
305,sitka,US,2019-12-27 07:11:59,37.17,-99.65,26.01,91,0,5.5
306,at-bashi,KG,2019-12-27 07:11:59,41.17,75.81,17.08,37,79,4.52
307,coari,BR,2019-12-27 07:11:59,-4.09,-63.14,74.48,97,67,1.61
308,sao joao da barra,BR,2019-12-27 07:11:59,-21.64,-41.05,74.73,91,0,14.23
309,kruisfontein,ZA,2019-12-27 07:12:00,-34.0,24.73,60.84,64,20,23.33
310,khani,GE,2019-12-27 07:12:00,41.96,42.96,51.8,87,90,2.24
311,kargopol,RU,2019-12-27 07:12:00,61.51,38.95,31.64,97,100,4.99
312,tagusao,PH,2019-12-27 07:12:00,9.19,117.81,84.43,67,68,1.52
313,labuhan,ID,2019-12-27 07:12:01,-2.54,115.51,90.19,53,37,2.77
314,abu dhabi,AE,2019-12-27 07:12:01,24.47,54.37,73.4,53,0,3.36
315,tiznit,MA,2019-12-27 07:09:06,29.7,-9.73,57.4,28,97,4.79
316,praia da vitoria,PT,2019-12-27 07:12:01,38.73,-27.07,64.92,83,100,40.56
317,port elizabeth,US,2019-12-27 07:12:02,39.31,-74.98,46.99,93,90,2.15
318,shebalino,RU,2019-12-27 07:12:02,51.29,85.68,13.26,90,100,1.5
319,nemuro,JP,2019-12-27 07:12:02,43.32,145.57,24.8,100,75,4.7
320,northam,AU,2019-12-27 07:12:02,-31.65,116.67,84.2,37,44,16.11
321,lata,IN,2019-12-27 07:12:03,30.78,78.62,28.8,15,0,4.99
322,tasiilaq,GL,2019-12-27 07:12:03,65.61,-37.64,19.4,44,8,4.7
323,opuwo,NA,2019-12-27 07:12:03,-18.06,13.84,73.98,45,100,2.77
324,sobolevo,RU,2019-12-27 07:12:03,54.43,31.9,33.58,96,100,2.82
325,yongchang,CN,2019-12-27 07:12:03,38.06,102.59,31.37,15,0,5.5
326,sungaipenuh,ID,2019-12-27 07:12:04,-2.08,101.38,74.28,85,76,1.68
327,yabrud,SY,2019-12-27 07:12:04,33.97,36.66,46.4,87,75,4.7
328,rio gallegos,AR,2019-12-27 07:12:04,-51.62,-69.22,55.4,54,75,13.87
329,taltal,CL,2019-12-27 07:12:04,-25.41,-70.49,57.69,89,97,7.36
330,circleville,US,2019-12-27 07:12:05,39.6,-82.95,57.2,76,90,4.7
331,hongjiang,CN,2019-12-27 07:12:05,27.21,109.83,50.47,49,36,4.74
332,ponta delgada,PT,2019-12-27 07:12:05,37.73,-25.67,66.2,82,40,23.04
333,praya,ID,2019-12-27 07:12:06,-8.71,116.27,80.6,88,75,9.17
334,mwingi,KE,2019-12-27 07:12:06,-0.93,38.07,72.95,77,0,3.31
335,faanui,PF,2019-12-27 07:12:06,-16.48,-151.75,78.96,82,100,22.41
336,paamiut,GL,2019-12-27 07:12:06,61.99,-49.67,23.5,43,16,8.88
337,axim,GH,2019-12-27 07:12:07,4.87,-2.24,75.02,90,6,0.94
338,nadym,RU,2019-12-27 07:12:07,65.53,72.51,-4.88,97,100,15.93
339,isla mujeres,MX,2019-12-27 07:12:07,21.23,-86.73,68.0,94,40,8.19
340,zhuanghe,CN,2019-12-27 07:12:07,39.7,122.97,39.99,47,0,1.01
341,ust-tarka,RU,2019-12-27 07:12:08,55.56,75.71,-12.24,95,0,8.9
342,nalut,LY,2019-12-27 07:12:08,31.86,10.98,49.91,45,38,3.06
343,delta del tigre,UY,2019-12-27 07:12:08,-34.76,-56.41,72.0,88,90,5.82
344,natal,BR,2019-12-27 07:12:09,-5.81,-35.21,78.8,74,20,11.41
345,clinton,US,2019-12-27 07:10:51,41.28,-72.53,43.0,86,90,3.94
346,roald,NO,2019-12-27 07:12:09,62.58,6.12,35.01,86,99,14.99
347,susangerd,IR,2019-12-27 07:12:09,31.56,48.19,68.0,56,0,6.93
348,dubbo,AU,2019-12-27 07:12:10,-32.25,148.6,96.8,12,15,6.93
349,kalmunai,LK,2019-12-27 07:12:10,7.42,81.82,80.51,73,34,11.56
350,havre-saint-pierre,CA,2019-12-27 07:12:10,50.23,-63.6,8.6,71,1,8.05
351,hirara,JP,2019-12-27 07:12:10,24.8,125.28,66.2,63,75,17.22
352,shenjiamen,CN,2019-12-27 07:12:11,29.96,122.3,46.11,59,32,12.3
353,kashan,IR,2019-12-27 07:12:11,33.99,51.44,50.05,42,0,0.29
354,selma,US,2019-12-27 07:12:11,32.41,-87.02,55.99,100,84,4.7
355,grindavik,IS,2019-12-27 07:12:11,63.84,-22.43,44.6,100,90,8.05
356,ukiah,US,2019-12-27 07:12:12,39.15,-123.21,48.0,93,1,3.56
357,presidencia roque saenz pena,AR,2019-12-27 07:12:12,-26.79,-60.44,83.16,60,95,9.44
358,taiping,MY,2019-12-27 07:12:12,4.85,100.74,89.6,59,40,2.24
359,mirnyy,RU,2019-12-27 07:12:12,56.57,36.46,32.5,78,100,3.83
360,kirakira,SB,2019-12-27 07:12:13,-10.46,161.92,81.09,76,72,2.26
361,ayacucho,PE,2019-12-27 07:12:13,-13.16,-74.23,46.83,86,100,4.07
362,sao felix do xingu,BR,2019-12-27 07:12:13,-6.64,-51.99,71.51,97,36,1.36
363,pangnirtung,CA,2019-12-27 07:12:13,66.15,-65.72,-5.22,74,0,1.21
364,kenora,CA,2019-12-27 07:12:13,49.76,-94.48,21.2,92,100,5.82
365,svetlogorsk,RU,2019-12-27 07:12:14,53.14,59.15,12.2,78,40,15.66
366,chambersburg,US,2019-12-27 07:12:14,39.94,-77.66,43.0,96,90,2.35
367,batemans bay,AU,2019-12-27 07:12:14,-35.71,150.18,84.0,78,0,5.01
368,twentynine palms,US,2019-12-27 07:12:14,34.14,-116.05,50.0,93,90,16.11
369,jinchang,CN,2019-12-27 07:12:15,38.52,102.19,29.46,13,0,2.46
370,puerto colombia,CO,2019-12-27 07:12:15,10.99,-74.96,82.4,83,40,13.87
371,benton harbor,US,2019-12-27 07:12:15,42.12,-86.45,48.99,86,90,9.17
372,oktyabrskiy,RU,2019-12-27 07:12:15,55.61,37.97,33.01,84,90,4.47
373,cap malheureux,MU,2019-12-27 07:12:16,-19.98,57.61,84.2,74,75,21.92
374,inverell,AU,2019-12-27 07:12:16,-29.78,151.11,90.0,23,0,5.99
375,balclutha,NZ,2019-12-27 07:12:16,-46.24,169.74,55.99,53,87,21.0
376,pangkalanbuun,ID,2019-12-27 07:11:04,-2.68,111.62,96.64,41,16,1.77
377,yining,CN,2019-12-27 07:12:17,29.04,114.56,52.86,34,0,1.74
378,chapais,CA,2019-12-27 07:12:17,49.78,-74.86,15.8,85,90,16.11
379,bonfim,GY,2019-12-27 07:12:17,3.36,-59.84,79.03,75,100,11.92
380,tacoronte,ES,2019-12-27 07:12:18,28.48,-16.41,64.99,47,33,5.82
381,iralaya,HN,2019-12-27 07:12:18,15.0,-83.23,79.27,74,57,16.4
382,bathsheba,BB,2019-12-27 07:12:18,13.22,-59.52,80.6,78,20,16.11
383,hostotipaquillo,MX,2019-12-27 07:12:18,21.06,-104.05,57.99,89,0,1.41
384,makakilo city,US,2019-12-27 07:12:18,21.35,-158.09,78.8,100,40,4.7
385,totness,US,2019-12-27 07:12:19,33.74,-80.8,55.99,100,90,5.03
386,tavricheskoye,RU,2019-12-27 07:12:19,54.59,73.64,-9.4,76,40,8.95
387,suhbaatar,MN,2019-12-27 07:12:20,50.23,106.21,1.2,81,76,0.31
388,birao,CF,2019-12-27 07:12:20,10.3,22.78,62.73,24,0,14.5
389,vardo,US,2019-12-27 07:12:20,39.62,-77.74,43.0,95,90,1.77
390,marrakesh,MA,2019-12-27 07:12:20,31.63,-7.99,48.2,81,98,5.82
391,gat,SN,2019-12-27 07:12:21,14.69,-16.54,66.2,88,0,13.87
392,laguna,BZ,2019-12-27 07:12:21,16.17,-88.94,65.05,98,1,1.72
393,komyshuvakha,UA,2019-12-27 07:12:22,48.64,37.46,41.2,95,100,2.17
394,ravar,IR,2019-12-27 07:12:22,31.27,56.81,54.12,23,0,1.83
395,oxford,US,2019-12-27 07:12:22,33.61,-85.83,53.01,87,1,3.36
396,vanavara,RU,2019-12-27 07:12:23,60.35,102.28,-12.86,95,98,5.14
397,martapura,ID,2019-12-27 07:12:23,-3.41,114.85,91.92,53,23,2.68
398,belmonte,PT,2019-12-27 07:12:23,40.36,-7.35,48.0,13,100,8.99
399,bondo,CD,2019-12-27 07:12:24,3.81,23.69,70.86,45,24,2.33
400,luderitz,NA,2019-12-27 07:12:24,-26.65,15.16,66.2,59,63,19.46
401,killybegs,IE,2019-12-27 07:12:24,54.63,-8.45,52.0,93,100,8.99
402,wanning,AT,2019-12-27 07:12:24,48.64,13.53,37.99,100,75,2.24
403,ahipara,NZ,2019-12-27 07:12:25,-35.17,173.16,71.01,74,0,18.68
404,boden,SE,2019-12-27 07:12:25,65.83,21.69,17.6,85,75,5.82
405,kaeo,NZ,2019-12-27 07:12:25,-35.1,173.78,71.01,83,3,4.0
406,wadi musa,JO,2019-12-27 07:12:25,30.32,35.48,41.5,85,95,23.55
407,wuxue,CN,2019-12-27 07:12:26,29.85,115.56,50.27,44,0,0.65
408,berlevag,NO,2019-12-27 07:12:26,70.86,29.09,31.95,64,99,7.45
409,farafangana,MG,2019-12-27 07:12:26,-22.82,47.83,80.06,82,95,15.86
410,coahuayana,MX,2019-12-27 07:12:27,18.62,-100.35,71.6,56,14,3.02
411,abnub,EG,2019-12-27 07:12:27,27.27,31.15,50.0,76,7,5.82
412,okato,NZ,2019-12-27 07:12:28,-39.19,173.88,64.0,58,37,5.01
413,husavik,CA,2019-12-27 07:12:28,50.56,-96.99,17.01,93,0,5.01
414,palmer,AU,2019-12-27 07:12:28,-34.85,139.16,102.99,11,30,8.05
415,togur,RU,2019-12-27 07:12:28,58.36,82.83,-20.45,97,77,3.18
416,tessalit,ML,2019-12-27 07:12:28,20.2,1.01,57.94,22,70,12.93
417,takoradi,GH,2019-12-27 07:12:29,4.89,-1.75,77.88,84,25,4.92
418,port lincoln,AU,2019-12-27 07:12:29,-34.72,135.86,85.42,33,41,11.59
419,sanandaj,IR,2019-12-27 07:12:29,35.31,47.0,46.4,61,75,11.41
420,ca mau,VN,2019-12-27 07:12:29,9.18,105.15,88.34,50,19,10.38
421,motala,IN,2019-12-27 07:12:30,20.68,76.21,71.6,57,0,9.91
422,port hedland,AU,2019-12-27 07:12:30,-20.31,118.58,96.8,60,8,19.46
423,veraval,FR,2019-12-27 07:12:30,49.65,0.71,48.2,87,90,11.41
424,coihaique,CL,2019-12-27 07:12:30,-45.58,-72.07,44.15,98,66,5.97
425,avarua,CK,2019-12-27 07:12:31,-21.21,-159.78,71.6,78,0,3.36
426,tondano,ID,2019-12-27 07:12:31,1.3,124.91,87.8,66,40,9.17
427,denpasar,ID,2019-12-27 07:12:32,-8.65,115.22,78.8,88,75,9.17
428,rio claro,BR,2019-12-27 07:12:32,-22.41,-47.56,66.47,90,0,1.28
429,padang,ID,2019-12-27 07:12:33,-0.92,100.36,77.45,89,77,3.33
430,okhotsk,RU,2019-12-27 07:12:33,59.36,143.24,-7.47,63,62,23.6
431,talakan,RU,2019-12-27 07:12:33,50.29,130.28,-14.48,89,45,1.16
432,aasiaat,GL,2019-12-27 07:12:33,68.71,-52.87,-2.06,64,0,2.53
433,caramay,PH,2019-12-27 07:12:34,10.18,119.24,83.08,72,50,0.36
434,atar,MR,2019-12-27 07:12:34,20.52,-13.05,61.61,20,0,7.45
435,rocha,UY,2019-12-27 07:12:35,-34.48,-54.34,66.16,98,45,6.08
436,bedele,ET,2019-12-27 07:12:35,8.46,36.35,69.13,54,12,1.39
437,mao,DO,2019-12-27 07:12:35,19.55,-71.08,73.99,100,90,1.21
438,bintulu,MY,2019-12-27 07:12:35,3.17,113.03,86.0,79,75,8.05
439,cabedelo,BR,2019-12-27 07:12:36,-6.97,-34.84,73.4,88,20,5.82
440,cockburn town,TC,2019-12-27 07:12:36,21.46,-71.14,77.67,70,56,14.83
441,puerto escondido,MX,2019-12-27 07:12:36,15.86,-97.07,69.26,77,11,3.02
442,eureka,US,2019-12-27 07:12:37,40.8,-124.16,37.4,93,75,5.82
443,senno,RU,2019-12-27 07:12:37,57.76,27.95,32.0,98,90,6.71
444,jumla,NP,2019-12-27 07:12:37,29.28,82.18,40.44,9,0,6.64
445,lunglei,IN,2019-12-27 07:12:38,22.89,92.75,72.75,36,30,3.58
446,mnogovershinnyy,RU,2019-12-27 07:12:38,53.94,139.92,-6.92,89,100,3.58
447,kaitangata,NZ,2019-12-27 07:12:38,-46.28,169.85,55.99,53,85,21.0
448,inhambane,MZ,2019-12-27 07:12:38,-23.87,35.38,87.8,79,40,13.87
449,tingi,TZ,2019-12-27 07:12:39,-11.3,35.03,75.24,78,98,2.59
450,haines junction,CA,2019-12-27 07:12:39,60.75,-137.51,7.25,95,100,3.78
451,bacolod,PH,2019-12-27 07:12:39,10.68,122.95,82.58,75,79,3.71
452,tungor,RU,2019-12-27 07:12:40,53.39,142.95,-1.62,95,98,18.12
453,ballina,IE,2019-12-27 07:12:40,54.11,-9.15,55.0,100,90,16.11
454,berdigestyakh,RU,2019-12-27 07:12:41,62.1,126.7,-37.23,96,65,4.81
455,noyabrsk,RU,2019-12-27 07:12:41,63.2,75.45,-12.44,97,94,9.17
456,mokhsogollokh,RU,2019-12-27 07:12:41,61.4,128.95,-41.66,98,76,3.56
457,osoyoos,CA,2019-12-27 07:12:41,49.03,-119.47,33.8,80,90,3.18
458,lahij,YE,2019-12-27 07:12:42,13.06,44.88,77.25,63,26,4.18
459,luancheng,CN,2019-12-27 07:12:42,37.88,114.65,44.6,20,0,2.24
460,shangrao,CN,2019-12-27 07:12:42,28.45,117.97,50.86,50,0,4.72
461,bejar,AL,2019-12-27 07:12:42,40.49,19.83,36.59,73,61,3.2
462,benguela,AO,2019-12-27 07:12:42,-12.58,13.4,76.6,83,100,4.03
463,sangar,RU,2019-12-27 07:12:43,63.92,127.47,-26.68,94,100,5.08
464,havelock,US,2019-12-27 07:10:53,34.88,-76.9,53.6,87,1,3.96
465,sarapul,RU,2019-12-27 07:12:43,56.48,53.82,17.01,82,77,1.99
466,talaya,RU,2019-12-27 07:12:43,55.79,84.89,-20.2,75,0,2.24
467,charters towers,AU,2019-12-27 07:12:44,-20.07,146.27,89.13,39,69,13.85
468,landskrona,SE,2019-12-27 07:12:44,55.87,12.83,36.0,82,100,10.29
469,fugen,AT,2019-12-27 07:12:44,47.35,11.85,34.0,96,75,3.36
470,severodvinsk,RU,2019-12-27 07:12:45,64.56,39.82,23.0,85,90,6.71
471,careiro da varzea,BR,2019-12-27 07:12:45,-3.2,-59.81,78.8,88,67,0.36
472,bethel,US,2019-12-27 07:12:45,60.79,-161.76,-14.8,82,1,13.87
473,whitehorse,CA,2019-12-27 07:12:46,60.72,-135.06,26.6,92,75,10.29
474,visnes,NO,2019-12-27 07:12:46,59.36,5.22,39.0,86,75,10.29
475,nusaybin,TR,2019-12-27 07:12:46,37.08,41.21,48.2,81,90,11.41
476,gouyave,GD,2019-12-27 07:12:46,12.16,-61.73,80.6,83,20,13.87
477,tondi,EE,2019-12-27 07:12:46,59.41,24.72,34.0,85,75,8.05
478,neuquen,AR,2019-12-27 07:12:47,-38.95,-68.06,64.4,39,76,13.73
479,antofagasta,CL,2019-12-27 07:12:47,-23.65,-70.4,66.2,82,90,2.24
480,cooma,AU,2019-12-27 07:12:47,-36.24,149.13,80.6,39,54,14.99
481,baherden,TM,2019-12-27 07:12:47,38.44,57.43,66.22,18,0,3.38
482,pemba,MZ,2019-12-27 07:12:48,-12.97,40.52,78.91,93,100,19.93
483,krasnozerskoye,RU,2019-12-27 07:12:48,53.98,79.24,-10.19,94,0,8.52
484,rundu,NA,2019-12-27 07:12:49,-17.91,19.77,73.4,60,81,4.7
485,hay river,CA,2019-12-27 07:12:49,60.82,-115.79,8.6,92,75,6.93
486,sao sebastiao do cai,BR,2019-12-27 07:12:49,-29.59,-51.38,75.2,88,87,6.93
487,ulagan,RU,2019-12-27 07:12:50,50.63,87.96,5.97,94,100,4.65
488,bubaque,GW,2019-12-27 07:12:50,11.28,-15.83,78.94,61,0,12.68
489,evensk,RU,2019-12-27 07:12:50,61.92,159.24,-1.55,62,70,13.58
490,salamiyah,SY,2019-12-27 07:12:50,35.01,37.05,48.36,86,100,10.51
491,mungwi,ZM,2019-12-27 07:12:51,-10.17,31.37,67.71,94,100,5.61
492,tadine,NC,2019-12-27 07:12:51,-21.55,167.88,79.11,76,66,17.43
493,dumas,IN,2019-12-27 07:12:51,21.09,72.71,82.4,45,0,8.05
494,sesimbra,PT,2019-12-27 07:12:51,38.45,-9.1,55.0,87,88,5.82
495,north myrtle beach,US,2019-12-27 07:12:52,33.83,-78.68,62.6,82,90,3.36
496,gravdal,NO,2019-12-27 07:12:52,59.79,5.78,35.01,86,75,10.29
497,marzuq,YE,2019-12-27 07:12:52,14.4,46.47,63.54,29,0,3.42
498,huarmey,PE,2019-12-27 07:12:52,-10.07,-78.15,66.42,82,100,0.78
499,sarlat-la-caneda,FR,2019-12-27 07:12:53,44.89,1.22,44.01,93,90,3.36
500,george town,MY,2019-12-27 07:12:53,5.42,100.33,89.6,59,20,8.05
501,mecca,SA,2019-12-27 07:12:53,21.43,39.83,66.33,43,0,4.63
502,gibsons,CA,2019-12-27 07:12:56,49.4,-123.51,37.99,93,90,11.41
503,namatanai,PG,2019-12-27 07:12:56,-3.66,152.44,76.95,92,73,23.29
504,batagay-alyta,RU,2019-12-27 07:12:56,67.8,130.41,-33.41,97,11,4.59
505,havoysund,NO,2019-12-27 07:12:57,71.0,24.66,26.6,68,100,18.34
506,salinopolis,BR,2019-12-27 07:12:57,-0.61,-47.36,82.65,78,3,14.97
507,kibuye,RW,2019-12-27 07:12:57,-2.07,29.35,64.08,87,77,0.38
508,panjab,AF,2019-12-27 07:12:57,34.38,67.02,23.79,37,0,1.48
509,peque,CO,2019-12-27 07:12:57,7.02,-75.91,60.42,98,100,2.13
510,merauke,ID,2019-12-27 07:12:58,-8.49,140.4,88.99,59,19,10.54
511,leningradskiy,RU,2019-12-27 07:12:58,69.38,178.42,-9.65,92,100,17.43
512,baykit,RU,2019-12-27 07:12:58,61.68,96.39,-18.36,96,92,2.33
513,saint augustine,TT,2019-12-27 07:12:59,10.65,-61.4,77.0,88,20,6.93
514,stromness,CA,2019-12-27 07:12:59,42.87,-79.55,57.2,71,90,13.87
515,puqi,CN,2019-12-27 07:12:59,29.72,113.88,51.91,31,0,2.95
516,bosaso,SO,2019-12-27 07:12:59,11.28,49.18,78.8,65,20,8.05
517,deer lake,CA,2019-12-27 07:13:00,49.18,-57.43,24.8,85,90,5.82
518,aksu,KZ,2019-12-27 07:13:00,52.04,76.93,1.4,84,40,11.18
519,maniitsoq,GL,2019-12-27 07:13:00,65.42,-52.9,18.43,47,0,3.83
520,oakdale,US,2019-12-27 07:13:00,37.77,-120.85,48.2,61,1,9.17
521,biak,ID,2019-12-27 07:13:01,-0.91,122.88,84.6,72,2,6.93
522,taoudenni,ML,2019-12-27 07:13:01,22.68,-3.98,59.88,19,0,8.14
523,puri,ID,2019-12-27 07:13:01,-7.54,112.45,87.26,65,18,7.05
524,goure,NE,2019-12-27 07:13:02,13.98,10.27,64.99,28,0,11.99
525,naze,NG,2019-12-27 07:13:02,5.43,7.07,68.0,88,0,3.2
526,upington,ZA,2019-12-27 07:13:02,-28.46,21.24,66.2,34,100,11.41
527,novaya usman,RU,2019-12-27 07:13:02,51.64,39.41,28.4,86,90,6.71
528,nome,US,2019-12-27 07:13:03,30.04,-94.42,61.0,93,90,3.02
529,aloleng,PH,2019-12-27 07:13:03,16.13,119.78,88.99,51,93,3.04
530,portland,US,2019-12-27 07:10:03,43.66,-70.25,30.0,58,90,3.36
531,lindi,TZ,2019-12-27 07:13:03,-10.0,39.71,80.6,88,75,13.87
532,lang son,VN,2019-12-27 07:13:04,21.83,106.73,51.35,66,100,4.85
533,umm lajj,SA,2019-12-27 07:13:04,25.02,37.27,63.37,52,0,8.68
534,sioux lookout,CA,2019-12-27 07:13:04,50.1,-91.92,24.8,92,90,8.05
535,bilma,NE,2019-12-27 07:13:04,18.69,12.92,51.84,35,0,7.4
536,moussoro,TD,2019-12-27 07:13:05,13.64,16.49,59.85,25,0,12.17
537,pasni,PK,2019-12-27 07:13:06,25.26,63.48,70.77,29,0,3.22
538,galesong,ID,2019-12-27 07:13:06,-5.32,119.37,87.8,74,20,11.41
539,queen victoria,MU,2019-12-27 07:13:06,-20.22,57.71,82.4,83,75,16.11
540,avera,US,2019-12-27 07:13:06,33.19,-82.53,60.8,71,90,5.61
541,kang,BW,2019-12-27 07:13:07,-23.67,22.79,85.51,32,95,12.73
542,kadaya,RU,2019-12-27 07:13:07,50.93,119.29,-14.1,94,100,2.17
543,chara,GR,2019-12-27 07:13:07,39.42,22.43,43.0,72,20,4.7
544,santa vitoria do palmar,BR,2019-12-27 07:13:07,-33.52,-53.37,69.46,98,15,5.68
545,petropavlovsk-kamchatskiy,RU,2019-12-27 07:12:03,53.05,158.65,26.6,100,75,6.71
546,dolores,UY,2019-12-27 07:13:08,-33.53,-58.22,69.01,94,6,1.01
547,novo aripuana,BR,2019-12-27 07:13:08,-5.12,-60.38,74.75,96,100,0.94
548,sao filipe,CV,2019-12-27 07:13:08,14.9,-24.5,72.39,66,0,10.8
549,babu,CN,2019-12-27 07:13:09,23.23,104.89,56.43,74,99,2.77
550,nador,MA,2019-12-27 07:13:09,35.17,-2.93,59.0,82,90,9.17
551,dawei,MM,2019-12-27 07:13:09,14.07,98.19,79.97,64,0,9.91
552,hohhot,CN,2019-12-27 07:13:10,40.81,111.65,21.2,53,22,2.24
553,faya,SA,2019-12-27 07:13:10,18.39,42.45,62.6,63,2,8.05
554,pagouria,GR,2019-12-27 07:13:10,41.03,25.32,42.01,86,20,5.82
555,margate,AU,2019-12-27 07:13:10,-43.03,147.26,69.01,45,20,14.99
556,pascagoula,US,2019-12-27 07:13:10,30.37,-88.56,61.0,82,20,3.98
557,saint-joseph,FR,2019-12-27 07:13:11,43.56,6.97,51.8,87,94,3.36
558,caravelas,BR,2019-12-27 07:13:11,-17.73,-39.27,71.62,94,89,3.24
559,cherlak,RU,2019-12-27 07:13:11,54.15,74.8,-5.78,93,0,11.3
