City_ID,City,Country,Date,Lat,Lng,Max Temp,Humidity,Cloudiness,Wind Speed,Current Description,Rain inches (last 3 hrs),Snow inches (last 3 hrs)
0,kalmunai,LK,2019-12-31 06:04:05,7.42,81.82,81.27,77,86,9.22,overcast clouds,0.0,0.0
1,san jeronimo,PE,2019-12-31 06:04:06,-13.65,-73.37,50.0,96,100,1.97,light rain,0.31,0.0
2,bambous virieux,MU,2019-12-31 06:04:06,-20.34,57.76,81.0,88,75,12.75,shower rain,0.0,0.0
3,atuona,PF,2019-12-31 06:04:06,-9.8,-139.03,80.35,75,1,14.94,clear sky,0.0,0.0
4,hobart,AU,2019-12-31 06:04:06,-42.88,147.33,69.8,22,40,19.46,scattered clouds,0.0,0.0
5,vaini,IN,2019-12-31 06:04:07,15.34,74.49,75.2,44,40,2.66,scattered clouds,0.0,0.0
6,victoria,BN,2019-12-31 06:00:18,5.28,115.24,86.0,70,75,11.41,broken clouds,0.0,0.0
7,albany,US,2019-12-31 06:04:07,42.65,-73.75,35.01,86,90,3.36,light intensity drizzle,0.0,0.0
8,petropavlovsk-kamchatskiy,RU,2019-12-31 06:04:08,53.05,158.65,12.2,72,75,2.24,broken clouds,0.0,0.0
9,punta arenas,CL,2019-12-31 06:04:08,-53.16,-70.91,42.8,81,95,9.17,overcast clouds,0.0,0.0
10,agadir,MA,2019-12-31 06:02:35,30.42,-9.58,44.6,75,0,5.82,clear sky,0.0,0.0
11,kruisfontein,ZA,2019-12-31 06:04:08,-34.0,24.73,65.16,70,0,3.24,clear sky,0.0,0.0
12,busselton,AU,2019-12-31 06:04:09,-33.64,115.35,84.0,20,0,16.98,clear sky,0.0,0.0
13,palu,ID,2019-12-31 06:04:09,-0.9,119.87,77.18,88,27,4.07,moderate rain,4.31,0.0
14,coihaique,CL,2019-12-31 06:04:09,-45.58,-72.07,50.0,76,45,2.24,scattered clouds,0.0,0.0
15,arraial do cabo,BR,2019-12-31 06:04:09,-22.97,-42.02,75.07,88,0,14.61,clear sky,0.0,0.0
16,deputatskiy,RU,2019-12-31 06:04:10,69.3,139.9,-22.83,64,57,1.45,broken clouds,0.0,0.0
17,phuket,TH,2019-12-31 06:04:10,7.89,98.4,89.6,52,20,11.41,few clouds,0.0,0.0
18,barcelos,BR,2019-12-31 06:04:10,-0.97,-62.93,73.4,98,100,2.3,overcast clouds,0.0,0.0
19,maunabo,PR,2019-12-31 05:59:15,18.01,-65.9,75.99,96,34,4.54,light rain,0.12,0.0
20,puerto ayora,EC,2019-12-31 06:04:11,-0.74,-90.35,73.0,85,62,5.01,broken clouds,0.0,0.0
21,bluff,AU,2019-12-31 06:04:11,-23.58,149.07,94.5,18,0,11.05,clear sky,0.0,0.0
22,ushuaia,AR,2019-12-31 06:04:11,-54.81,-68.31,46.4,49,40,18.34,scattered clouds,0.0,0.0
23,zeya,RU,2019-12-31 06:04:12,53.74,127.27,-19.35,91,1,4.36,clear sky,0.0,0.0
24,severo-kurilsk,RU,2019-12-31 06:04:12,50.68,156.12,27.77,86,100,23.33,light snow,0.0,0.13
25,college,US,2019-12-31 06:04:12,64.86,-147.8,0.0,83,40,3.36,scattered clouds,0.0,0.0
26,mahibadhoo,MV,2019-12-31 06:04:13,3.78,72.97,81.91,74,39,12.91,scattered clouds,0.0,0.0
27,avarua,CK,2019-12-31 06:04:13,-21.21,-159.78,77.0,78,100,2.24,overcast clouds,0.0,0.0
28,souillac,FR,2019-12-31 06:04:13,45.6,-0.6,37.99,100,4,3.36,mist,0.0,0.0
29,luwuk,ID,2019-12-31 06:04:13,-0.95,122.79,84.85,77,32,14.52,scattered clouds,0.0,0.0
30,cap malheureux,MU,2019-12-31 06:04:14,-19.98,57.61,81.0,88,75,12.75,shower rain,0.0,0.0
31,la gomera,GT,2019-12-31 06:04:14,14.09,-91.05,74.07,83,91,2.35,overcast clouds,0.0,0.0
32,grindavik,IS,2019-12-31 06:04:14,63.84,-22.43,42.8,100,90,23.04,moderate rain,0.0,0.0
33,chokurdakh,RU,2019-12-31 06:04:15,70.62,147.9,-27.54,80,45,3.4,scattered clouds,0.0,0.0
34,houston,US,2019-12-31 06:02:29,29.76,-95.37,50.0,70,1,4.97,clear sky,0.0,0.0
35,aktau,KZ,2019-12-31 06:04:15,43.65,51.16,39.2,93,90,6.71,overcast clouds,0.0,0.0
36,hermanus,ZA,2019-12-31 06:04:15,-34.42,19.24,69.01,72,0,8.01,clear sky,0.0,0.0
37,odesskoye,RU,2019-12-31 06:04:16,54.21,72.97,-2.36,96,98,8.97,overcast clouds,0.0,0.0
38,sioux lookout,CA,2019-12-31 06:04:16,50.1,-91.92,14.0,85,75,10.29,broken clouds,0.0,0.0
39,mananjary,MG,2019-12-31 06:04:16,-19.16,46.8,73.24,78,100,2.3,light rain,0.62,0.0
40,kandrian,PG,2019-12-31 06:04:16,-6.21,149.55,84.97,68,100,4.05,moderate rain,3.75,0.0
41,zhigalovo,RU,2019-12-31 06:04:17,54.81,105.15,-4.32,84,97,1.79,overcast clouds,0.0,0.0
42,vardo,US,2019-12-31 06:04:17,39.62,-77.74,43.0,87,90,5.82,mist,0.0,0.0
43,osmaniye,TR,2019-12-31 06:04:17,37.07,36.26,50.0,90,69,1.01,light rain,0.38,0.0
44,mataura,NZ,2019-12-31 06:04:18,-46.19,168.86,73.0,62,42,5.99,scattered clouds,0.0,0.0
45,saskylakh,RU,2019-12-31 06:04:18,71.97,114.09,-33.02,93,0,11.61,clear sky,0.0,0.0
46,hasaki,JP,2019-12-31 06:04:19,35.73,140.83,64.0,48,40,14.99,scattered clouds,0.0,0.0
47,richards bay,ZA,2019-12-31 06:04:19,-28.77,32.06,75.65,88,32,33.87,light rain,0.69,0.0
48,ibirite,BR,2019-12-31 06:04:19,-20.02,-44.06,68.0,64,0,6.93,clear sky,0.0,0.0
49,tuktoyaktuk,CA,2019-12-31 06:04:20,69.44,-133.03,-11.2,69,90,6.93,light snow,0.0,0.0
50,barrow,AR,2019-12-31 06:04:20,-38.31,-60.23,65.3,95,100,5.28,overcast clouds,0.0,0.0
51,fortuna,US,2019-12-31 05:59:22,40.6,-124.16,48.0,100,90,6.93,overcast clouds,0.0,0.0
52,columbus,US,2019-12-31 06:00:24,32.46,-84.99,45.0,65,1,6.93,clear sky,0.0,0.0
53,rikitea,PF,2019-12-31 06:04:21,-23.12,-134.97,77.45,85,100,11.23,overcast clouds,0.0,0.0
54,iqaluit,CA,2019-12-31 06:04:21,63.75,-68.52,-14.01,68,5,13.87,clear sky,0.0,0.0
55,comodoro rivadavia,AR,2019-12-31 06:04:21,-45.87,-67.48,57.2,82,0,1.12,clear sky,0.0,0.0
56,macusani,PE,2019-12-31 06:04:22,-14.07,-70.43,32.9,98,100,4.47,overcast clouds,0.0,0.0
57,talaja,IN,2019-12-31 06:04:22,21.35,72.04,62.6,48,0,5.82,smoke,0.0,0.0
58,aden,YE,2019-12-31 06:03:37,12.79,45.03,82.38,61,47,15.01,scattered clouds,0.0,0.0
59,east london,ZA,2019-12-31 06:03:51,-33.02,27.91,69.8,73,99,3.36,light rain,0.25,0.0
60,sur,OM,2019-12-31 06:04:23,22.57,59.53,72.77,60,1,7.38,clear sky,0.0,0.0
61,jamestown,AU,2019-12-31 05:59:47,-33.21,138.6,79.92,16,0,13.65,clear sky,0.0,0.0
62,gumdag,TM,2019-12-31 06:04:23,39.2,54.59,45.05,73,1,13.15,clear sky,0.0,0.0
63,caravelas,BR,2019-12-31 06:04:24,-17.73,-39.27,70.57,93,0,3.29,clear sky,0.0,0.0
64,nguru,NG,2019-12-31 06:04:24,12.88,10.45,54.95,35,28,10.02,scattered clouds,0.0,0.0
65,neiafu,TO,2019-12-31 06:04:24,-18.65,-173.98,80.6,83,75,17.22,broken clouds,0.0,0.0
66,khatanga,RU,2019-12-31 06:04:25,71.98,102.47,-21.3,85,96,9.1,overcast clouds,0.0,0.0
67,nishihara,JP,2019-12-31 06:04:25,35.74,139.53,66.0,38,40,27.51,scattered clouds,0.0,0.0
68,cidreira,BR,2019-12-31 06:04:25,-30.17,-50.22,74.84,91,31,15.61,scattered clouds,0.0,0.0
69,taunggyi,MM,2019-12-31 06:04:25,20.78,97.03,76.96,42,17,5.26,light rain,0.44,0.0
70,neyvo-shaytanskiy,RU,2019-12-31 06:04:26,57.73,61.25,11.62,87,100,13.65,overcast clouds,0.0,0.0
71,bredasdorp,ZA,2019-12-31 06:04:26,-34.53,20.04,68.0,56,88,4.7,overcast clouds,0.0,0.0
72,methven,NZ,2019-12-31 06:04:26,-43.63,171.65,72.0,63,0,1.99,clear sky,0.0,0.0
73,luderitz,NA,2019-12-31 06:04:26,-26.65,15.16,62.6,77,100,8.05,overcast clouds,0.0,0.0
74,kwinana,AU,2019-12-31 06:04:27,-32.25,115.77,89.6,42,0,19.46,clear sky,0.0,0.0
75,slyudyanka,RU,2019-12-31 06:04:27,51.66,103.72,17.64,85,100,2.66,overcast clouds,0.0,0.0
76,the valley,AI,2019-12-31 06:00:21,18.22,-63.06,77.0,88,75,3.36,light intensity shower rain,0.0,0.0
77,bonthe,SL,2019-12-31 06:04:28,7.53,-12.5,75.52,93,18,4.36,few clouds,0.0,0.0
78,port alfred,ZA,2019-12-31 06:04:28,-33.59,26.89,70.0,81,87,1.99,overcast clouds,0.0,0.0
79,upernavik,GL,2019-12-31 06:04:28,72.79,-56.15,-9.76,97,100,19.24,light snow,0.0,0.63
80,bowmore,US,2019-12-31 06:04:28,34.94,-79.3,53.01,57,1,8.05,clear sky,0.0,0.0
81,ancud,CL,2019-12-31 06:04:29,-41.87,-73.83,48.2,93,2,3.36,clear sky,0.0,0.0
82,katobu,ID,2019-12-31 06:04:29,-4.94,122.53,85.1,77,100,1.36,moderate rain,6.19,0.0
83,whitehorse,CA,2019-12-31 05:59:59,60.72,-135.06,34.0,86,75,12.75,broken clouds,0.0,0.0
84,epitalion,GR,2019-12-31 06:04:29,37.63,21.5,50.0,80,75,11.32,broken clouds,0.0,0.0
85,hithadhoo,MV,2019-12-31 06:04:30,-0.6,73.08,82.04,72,7,2.57,clear sky,0.0,0.0
86,tuatapere,NZ,2019-12-31 06:04:30,-46.13,167.69,73.0,62,33,5.99,scattered clouds,0.0,0.0
87,taperoa,BR,2019-12-31 06:01:53,-7.21,-36.83,74.07,76,100,5.66,overcast clouds,0.0,0.0
88,shenjiamen,CN,2019-12-31 06:04:30,29.96,122.3,45.0,75,84,20.09,broken clouds,0.0,0.0
89,alofi,NU,2019-12-31 06:04:31,-19.06,-169.92,82.4,88,75,11.41,broken clouds,0.0,0.0
90,nanortalik,GL,2019-12-31 06:04:31,60.14,-45.24,24.53,47,0,8.75,clear sky,0.0,0.0
91,butaritari,KI,2019-12-31 06:04:31,3.07,172.79,83.62,77,100,12.15,overcast clouds,0.0,0.0
92,xining,CN,2019-12-31 06:04:31,36.62,101.77,31.84,19,0,5.03,clear sky,0.0,0.0
93,farmington,US,2019-12-31 06:02:34,36.73,-108.21,16.0,78,1,5.82,clear sky,0.0,0.0
94,cayenne,GF,2019-12-31 06:04:26,4.94,-52.33,75.2,88,40,6.11,scattered clouds,0.0,0.0
95,brae,GB,2019-12-31 06:04:32,60.4,-1.35,46.4,75,62,12.75,broken clouds,0.0,0.0
96,dali,CN,2019-12-31 06:04:33,34.79,109.94,33.55,21,100,15.59,overcast clouds,0.0,0.0
97,terney,RU,2019-12-31 06:04:33,45.05,136.61,-2.9,59,5,8.57,clear sky,0.0,0.0
98,havre,US,2019-12-31 06:01:42,48.55,-109.68,30.2,63,1,19.46,clear sky,0.0,0.0
99,valentin gomez farias,MX,2019-12-31 06:04:34,24.05,-104.7,46.51,55,0,4.54,clear sky,0.0,0.0
100,kudahuvadhoo,MV,2019-12-31 06:04:34,2.67,72.89,82.38,79,90,11.97,light rain,0.13,0.0
101,narsaq,GL,2019-12-31 06:04:34,60.91,-46.05,10.4,60,0,3.36,clear sky,0.0,0.0
102,faya,SA,2019-12-31 06:04:34,18.39,42.45,57.2,71,0,4.7,clear sky,0.0,0.0
103,thompson,CA,2019-12-31 06:00:36,55.74,-97.86,6.8,84,90,3.36,light snow,0.0,0.0
104,bud,NO,2019-12-31 06:04:35,62.91,6.91,39.2,72,75,16.11,broken clouds,0.0,0.0
105,kapaa,US,2019-12-31 06:04:35,22.08,-159.32,78.8,73,90,5.82,overcast clouds,0.0,0.0
106,mount gambier,AU,2019-12-31 06:04:35,-37.83,140.78,68.0,40,75,14.99,broken clouds,0.0,0.0
107,kenora,CA,2019-12-31 06:04:36,49.76,-94.48,15.8,78,69,18.34,broken clouds,0.0,0.0
108,moose factory,CA,2019-12-31 06:04:36,51.26,-80.61,19.4,92,90,10.29,light snow,0.0,0.0
109,tasiilaq,GL,2019-12-31 06:04:36,65.61,-37.64,26.6,92,100,6.93,light snow,0.0,0.0
110,kavaratti,IN,2019-12-31 06:04:36,10.57,72.64,86.0,70,40,4.38,scattered clouds,0.0,0.0
111,mount isa,AU,2019-12-31 06:04:36,-20.73,139.49,100.85,17,40,9.62,scattered clouds,0.0,0.0
112,mayskiy,RU,2019-12-31 06:04:37,43.63,44.06,32.0,85,90,3.94,overcast clouds,0.0,0.0
113,serrana,BR,2019-12-31 06:04:37,-21.21,-47.61,73.4,83,96,5.82,overcast clouds,0.0,0.0
114,yellowknife,CA,2019-12-31 06:00:15,62.45,-114.38,9.0,92,90,5.82,light snow,0.0,0.0
115,rabo de peixe,PT,2019-12-31 06:04:38,37.8,-25.58,64.4,88,75,17.22,broken clouds,0.0,0.0
116,huangnihe,CN,2019-12-31 06:04:38,43.56,128.02,0.97,69,0,11.18,clear sky,0.0,0.0
117,mogadishu,SO,2019-12-31 06:03:47,2.04,45.34,82.4,65,20,17.22,few clouds,0.0,0.0
118,linqiong,CN,2019-12-31 06:04:38,30.42,103.46,61.0,66,40,5.35,haze,0.0,0.0
119,komsomolskiy,RU,2019-12-31 06:04:39,67.55,63.78,12.76,93,100,16.73,light snow,0.0,0.38
120,saldanha,PT,2019-12-31 06:04:39,41.42,-6.55,38.82,66,0,1.52,clear sky,0.0,0.0
121,port-gentil,GA,2019-12-31 06:04:39,-0.72,8.78,78.8,100,75,2.24,broken clouds,0.0,0.0
122,esperance,AU,2019-12-31 06:04:39,-33.86,121.89,77.0,36,0,10.29,clear sky,0.0,0.0
123,mehamn,NO,2019-12-31 06:04:40,71.03,27.85,24.42,82,100,12.84,overcast clouds,0.0,0.0
124,lasa,CY,2019-12-31 06:04:40,34.92,32.53,51.8,76,40,8.05,scattered clouds,0.0,0.0
125,chicama,PE,2019-12-31 06:04:40,-7.84,-79.15,69.8,88,20,8.05,mist,0.0,0.0
126,bethel,US,2019-12-31 06:04:41,60.79,-161.76,-5.8,83,1,17.22,clear sky,0.0,0.0
127,mikun,RU,2019-12-31 06:04:41,62.35,50.08,22.46,96,99,6.67,light snow,0.0,0.75
128,walvis bay,NA,2019-12-31 06:04:41,-22.95,14.51,61.0,93,90,9.17,overcast clouds,0.0,0.0
129,nikolskoye,RU,2019-12-31 06:04:42,59.7,30.79,39.2,86,90,15.66,overcast clouds,0.0,0.0
130,obo,CF,2019-12-31 06:04:42,5.39,26.49,73.27,24,74,5.41,broken clouds,0.0,0.0
131,ponta do sol,BR,2019-12-31 06:04:42,-20.63,-46.0,63.57,89,82,2.26,broken clouds,0.0,0.0
132,kavieng,PG,2019-12-31 06:04:42,-2.57,150.8,85.03,71,1,9.89,clear sky,0.0,0.0
133,pangnirtung,CA,2019-12-31 06:04:43,66.15,-65.72,-21.17,98,100,3.74,overcast clouds,0.0,0.0
134,port hardy,CA,2019-12-31 06:04:43,50.7,-127.42,44.6,100,90,20.8,light rain,0.0,0.0
135,mar del plata,AR,2019-12-31 06:04:43,-46.43,-67.52,54.82,78,0,11.79,clear sky,0.0,0.0
136,qaanaaq,GL,2019-12-31 06:04:43,77.48,-69.36,-36.26,90,98,3.62,overcast clouds,0.0,0.0
137,sitka,US,2019-12-31 06:04:44,37.17,-99.65,23.0,81,0,9.1,clear sky,0.0,0.0
138,bara,NG,2019-12-31 06:04:44,10.41,10.6,55.96,32,0,4.81,clear sky,0.0,0.0
139,cape town,ZA,2019-12-31 06:00:19,-33.93,18.42,70.0,63,20,18.34,few clouds,0.0,0.0
140,grand forks,US,2019-12-31 06:04:44,47.91,-97.06,14.0,92,90,20.8,light snow,0.0,0.0
141,constitucion,MX,2019-12-31 06:04:45,23.99,-104.67,46.51,55,0,4.54,clear sky,0.0,0.0
142,ilulissat,GL,2019-12-31 06:04:45,69.22,-51.1,19.4,73,100,20.8,snow,0.0,0.0
143,dauphin,CA,2019-12-31 06:04:45,51.15,-100.04,15.8,92,90,2.24,overcast clouds,0.0,0.0
144,dalvik,SE,2019-12-31 06:04:45,57.79,14.13,41.0,86,5,14.99,clear sky,0.0,0.0
145,havoysund,NO,2019-12-31 06:03:18,71.0,24.66,30.2,58,75,26.4,broken clouds,0.0,0.0
146,yumen,CN,2019-12-31 06:04:46,40.29,97.04,20.37,48,5,15.5,clear sky,0.0,0.0
147,novyye burasy,RU,2019-12-31 06:04:46,52.13,46.08,26.01,85,100,5.01,light snow,0.0,0.88
148,poum,MK,2019-12-31 06:04:46,41.28,20.71,24.8,58,0,4.7,clear sky,0.0,0.0
149,mahebourg,MU,2019-12-31 06:04:46,-20.41,57.7,81.0,88,75,12.75,shower rain,0.0,0.0
150,geraldton,CA,2019-12-31 06:04:47,49.72,-86.95,12.2,85,90,11.41,light snow,0.0,0.0
151,antalaha,MG,2019-12-31 06:04:47,-14.9,50.28,79.92,76,100,0.94,overcast clouds,0.0,0.0
152,ulladulla,AU,2019-12-31 06:04:47,-35.36,150.48,69.8,64,90,11.41,overcast clouds,0.0,0.0
153,tynda,RU,2019-12-31 06:04:47,55.15,124.74,-22.25,93,0,3.51,clear sky,0.0,0.0
154,price,US,2019-12-31 06:04:48,39.6,-110.81,17.01,78,1,6.93,clear sky,0.0,0.0
155,beipiao,CN,2019-12-31 06:04:48,41.8,120.76,11.46,63,0,9.69,clear sky,0.0,0.0
156,hlukhiv,UA,2019-12-31 06:04:48,51.68,33.91,31.91,77,97,16.93,overcast clouds,0.0,0.0
157,torbay,CA,2019-12-31 06:04:49,47.66,-52.73,34.0,86,90,20.8,overcast clouds,0.0,0.0
158,banda aceh,ID,2019-12-31 06:00:37,5.56,95.32,85.15,65,72,8.9,light rain,0.44,0.0
159,cherskiy,RU,2019-12-31 06:04:49,68.75,161.3,-34.87,96,0,5.17,clear sky,0.0,0.0
160,sao joao da barra,BR,2019-12-31 06:04:49,-21.64,-41.05,74.1,88,0,4.21,light rain,0.25,0.0
161,katsuura,JP,2019-12-31 06:04:50,33.93,134.5,46.4,49,75,28.86,broken clouds,0.0,0.0
162,broome,GB,2019-12-31 06:04:50,52.47,1.45,44.01,93,96,4.7,fog,0.0,0.0
163,orlik,PL,2019-12-31 06:04:50,53.95,17.74,42.8,81,75,32.21,broken clouds,0.0,0.0
164,bakchar,RU,2019-12-31 06:04:50,57.02,82.07,2.16,95,99,3.0,light snow,0.0,0.13
165,santa cruz do sul,BR,2019-12-31 06:04:51,-29.71,-52.43,70.0,87,64,3.02,broken clouds,0.0,0.0
166,pisco,PE,2019-12-31 06:04:51,-13.71,-76.2,70.0,88,40,6.93,scattered clouds,0.0,0.0
167,huarmey,PE,2019-12-31 06:04:51,-10.07,-78.15,65.91,90,71,1.97,broken clouds,0.0,0.0
168,bafia,CM,2019-12-31 06:04:51,4.74,11.22,70.99,89,82,1.66,broken clouds,0.0,0.0
169,inirida,CO,2019-12-31 06:04:51,3.87,-67.92,73.71,89,52,0.98,broken clouds,0.0,0.0
170,mandalgovi,MN,2019-12-31 06:04:52,45.76,106.27,9.48,60,12,4.97,few clouds,0.0,0.0
171,henties bay,NA,2019-12-31 06:04:52,-22.12,14.28,61.0,94,100,4.0,overcast clouds,0.0,0.0
172,castro,CL,2019-12-31 06:03:53,-42.48,-73.76,48.2,93,0,3.36,clear sky,0.0,0.0
173,guerrero negro,MX,2019-12-31 06:04:52,27.97,-114.04,55.6,70,10,0.76,clear sky,0.0,0.0
174,pareora,NZ,2019-12-31 06:04:53,-44.49,171.21,68.0,80,0,4.0,clear sky,0.0,0.0
175,williamsburg,US,2019-12-31 06:04:53,37.27,-76.71,55.0,87,1,3.67,clear sky,0.0,0.0
176,nakasongola,UG,2019-12-31 06:04:53,1.32,32.46,76.01,49,61,6.55,broken clouds,0.0,0.0
177,manali,IN,2019-12-31 06:04:53,32.25,77.19,42.01,24,100,6.22,overcast clouds,0.0,0.0
178,kokopo,PG,2019-12-31 06:04:54,-4.34,152.27,83.86,75,100,8.12,moderate rain,4.94,0.0
179,sterling,US,2019-12-31 06:04:54,39.0,-77.4,46.4,93,90,8.05,light rain,0.0,0.0
180,royan,FR,2019-12-31 06:04:54,45.62,-1.03,39.2,100,2,3.36,mist,0.0,0.0
181,port elizabeth,US,2019-12-31 06:04:54,39.31,-74.98,45.0,93,90,8.05,overcast clouds,0.0,0.0
182,hovd,NO,2019-12-31 06:04:55,63.83,10.7,39.99,64,75,38.03,broken clouds,0.0,0.0
183,verkhnyaya maksakovka,RU,2019-12-31 06:04:55,61.63,50.97,21.2,100,90,6.71,light shower snow,0.0,0.0
184,udachnyy,RU,2019-12-31 06:04:55,66.42,112.4,-34.6,65,0,4.47,clear sky,0.0,0.0
185,artesia,US,2019-12-31 06:04:55,32.84,-104.4,30.2,50,1,6.93,clear sky,0.0,0.0
186,mvuma,ZW,2019-12-31 06:04:56,-19.28,30.53,76.6,44,97,4.38,overcast clouds,0.0,0.0
187,mayo,CA,2019-12-31 06:04:56,63.59,-135.9,6.8,84,90,3.36,overcast clouds,0.0,0.0
188,georgetown,GY,2019-12-31 06:04:18,6.8,-58.16,75.2,94,40,4.7,scattered clouds,0.0,0.0
189,puerto del rosario,ES,2019-12-31 06:04:56,28.5,-13.86,62.6,82,40,8.05,scattered clouds,0.0,0.0
190,ostrovnoy,RU,2019-12-31 06:04:56,68.05,39.51,25.18,75,97,17.92,light snow,0.0,0.19
191,finschhafen,PG,2019-12-31 06:04:57,-6.6,147.85,85.5,63,69,2.21,broken clouds,0.0,0.0
192,saint-michel-des-saints,CA,2019-12-31 06:04:57,46.68,-73.92,21.96,93,99,13.22,snow,0.0,1.81
193,seoul,KR,2019-12-31 06:02:16,37.57,126.98,24.8,29,1,4.7,clear sky,0.0,0.0
194,temiscaming,CA,2019-12-31 06:04:57,46.72,-79.1,34.0,90,90,11.41,light snow,0.0,0.0
195,bhag,PK,2019-12-31 06:04:58,29.04,67.82,60.08,15,0,5.17,clear sky,0.0,0.0
196,qasigiannguit,GL,2019-12-31 06:04:58,68.82,-51.19,19.4,73,100,20.8,snow,0.0,0.0
197,dryden,CA,2019-12-31 06:04:58,49.79,-92.84,14.0,85,40,9.17,scattered clouds,0.0,0.0
198,lompoc,US,2019-12-31 06:01:36,34.64,-120.46,53.6,66,1,4.7,clear sky,0.0,0.0
199,quatre cocos,MU,2019-12-31 06:04:59,-20.21,57.76,81.0,88,75,12.75,shower rain,0.0,0.0
200,capissayan,PH,2019-12-31 06:04:59,18.05,121.82,79.45,72,9,6.53,light rain,1.5,0.0
201,nuuk,GL,2019-12-31 06:04:59,64.17,-51.74,23.0,85,100,6.93,light snow,0.0,0.0
202,berlevag,NO,2019-12-31 06:05:00,70.86,29.09,29.68,74,100,20.6,light snow,0.0,0.13
203,nouadhibou,MR,2019-12-31 06:05:00,20.93,-17.03,64.4,31,48,17.22,scattered clouds,0.0,0.0
204,ponta delgada,PT,2019-12-31 06:05:00,37.73,-25.67,64.4,88,75,17.22,broken clouds,0.0,0.0
205,faanui,PF,2019-12-31 06:05:00,-16.48,-151.75,81.25,78,100,15.68,moderate rain,4.31,0.0
206,saint-philippe,CA,2019-12-31 06:05:01,45.36,-73.48,32.0,100,90,10.29,light snow,0.0,0.0
207,millinocket,US,2019-12-31 06:05:01,45.66,-68.71,27.0,79,90,5.82,light rain,0.0,0.0
208,ust-nera,RU,2019-12-31 06:05:01,64.57,143.24,-29.88,97,92,0.96,overcast clouds,0.0,0.0
209,westport,US,2019-12-31 06:05:02,41.14,-73.36,39.2,86,90,14.99,overcast clouds,0.0,0.0
210,lorengau,PG,2019-12-31 06:05:02,-2.02,147.27,84.87,70,48,6.96,light rain,0.19,0.0
211,port lincoln,AU,2019-12-31 06:05:02,-34.72,135.86,67.03,51,0,15.64,clear sky,0.0,0.0
212,shagonar,RU,2019-12-31 06:05:02,51.54,92.92,-10.43,93,100,2.84,overcast clouds,0.0,0.0
213,la tuque,CA,2019-12-31 06:05:03,47.44,-72.79,21.31,92,100,12.82,light snow,0.0,0.44
214,verkhnetulomskiy,RU,2019-12-31 06:05:03,68.61,31.8,14.0,78,95,4.47,overcast clouds,0.0,0.0
215,sistranda,NO,2019-12-31 06:05:03,63.73,8.83,39.99,76,75,29.97,light intensity shower rain,0.0,0.0
216,ribeira grande,PT,2019-12-31 06:05:04,38.52,-28.7,60.66,92,100,17.47,light rain,0.56,0.0
217,airai,TL,2019-12-31 06:05:04,-8.93,125.41,79.63,71,91,4.45,light rain,2.13,0.0
218,tazmalt,DZ,2019-12-31 06:05:04,36.39,4.4,57.2,58,40,9.17,scattered clouds,0.0,0.0
219,astana,KZ,2019-12-31 06:05:05,51.13,71.43,3.2,77,90,11.18,light snow,0.0,0.0
220,bubaque,GW,2019-12-31 06:05:05,11.28,-15.83,79.07,43,21,17.31,few clouds,0.0,0.0
221,vestmannaeyjar,IS,2019-12-31 06:05:05,63.44,-20.27,45.88,91,100,32.03,moderate rain,4.81,0.0
222,new norfolk,AU,2019-12-31 06:05:06,-42.78,147.06,69.8,22,40,19.46,scattered clouds,0.0,0.0
223,mancora,PE,2019-12-31 06:05:06,-4.1,-81.05,76.87,70,84,9.46,broken clouds,0.0,0.0
224,itacarambi,BR,2019-12-31 06:05:06,-15.1,-44.09,65.5,93,25,1.9,scattered clouds,0.0,0.0
225,termiz,AF,2019-12-31 06:05:06,37.23,67.28,50.0,75,40,2.24,scattered clouds,0.0,0.0
226,argelia,CO,2019-12-31 06:05:07,4.73,-76.12,66.2,100,75,4.7,drizzle,0.0,0.0
227,methoni,GR,2019-12-31 06:05:07,36.82,21.7,42.8,60,20,5.82,few clouds,0.0,0.0
228,iskateley,RU,2019-12-31 06:05:07,67.68,53.15,19.78,91,100,7.9,light snow,0.0,0.19
229,rock sound,BS,2019-12-31 06:05:07,24.9,-76.2,76.48,76,33,13.35,scattered clouds,0.0,0.0
230,hilo,US,2019-12-31 06:05:08,19.71,-155.08,73.4,78,75,5.14,broken clouds,0.0,0.0
231,goure,NE,2019-12-31 06:05:08,13.98,10.27,60.01,30,42,11.99,scattered clouds,0.0,0.0
232,eureka,US,2019-12-31 06:01:43,40.8,-124.16,48.0,100,90,6.93,overcast clouds,0.0,0.0
233,lebu,ET,2019-12-31 06:05:08,8.96,38.73,59.56,57,15,4.18,few clouds,0.0,0.0
234,hobyo,SO,2019-12-31 06:05:08,5.35,48.53,82.89,68,10,19.01,light rain,0.63,0.0
235,tijara,IN,2019-12-31 06:05:09,27.94,76.85,54.0,6,0,6.51,clear sky,0.0,0.0
236,zhezkazgan,KZ,2019-12-31 06:05:09,47.8,67.71,17.6,92,90,6.71,snow,0.0,0.0
237,longyearbyen,NO,2019-12-31 06:05:09,78.22,15.63,1.4,59,9,1.12,clear sky,0.0,0.0
238,saint-pierre,FR,2019-12-31 06:05:10,48.95,4.24,28.4,92,78,5.82,broken clouds,0.0,0.0
239,te anau,NZ,2019-12-31 06:05:10,-45.41,167.72,66.87,51,6,9.06,clear sky,0.0,0.0
240,pundaguitan,PH,2019-12-31 06:05:10,6.37,126.17,81.88,71,100,3.33,overcast clouds,0.0,0.0
241,panacan,PH,2019-12-31 06:05:10,7.15,125.66,91.4,55,40,11.41,scattered clouds,0.0,0.0
242,santa cruz,BR,2019-12-31 06:01:36,-6.22,-36.02,72.64,90,99,1.54,light rain,0.19,0.0
243,vaasa,FI,2019-12-31 06:05:11,63.1,21.62,32.0,83,90,13.87,overcast clouds,0.0,0.0
244,bethlehem,US,2019-12-31 06:05:11,40.62,-75.38,39.2,100,90,3.36,mist,0.0,0.0
245,pout,SN,2019-12-31 06:05:11,14.77,-17.06,75.2,13,80,17.22,broken clouds,0.0,0.0
246,zavodouspenskoye,RU,2019-12-31 06:05:12,56.86,65.02,-2.2,84,40,6.71,scattered clouds,0.0,0.0
247,namie,JP,2019-12-31 06:05:12,37.52,140.86,46.99,48,40,32.21,scattered clouds,0.0,0.0
248,kudat,MY,2019-12-31 06:05:12,6.89,116.84,77.0,94,75,5.82,heavy intensity shower rain,0.0,0.0
249,luau,CD,2019-12-31 06:05:12,-10.7,22.23,68.67,95,98,3.71,light rain,2.19,0.0
250,gustrow,DE,2019-12-31 06:05:13,53.8,12.17,44.01,81,40,21.92,scattered clouds,0.0,0.0
251,carnarvon,ZA,2019-12-31 06:05:13,-30.97,22.13,70.43,55,0,12.26,clear sky,0.0,0.0
252,provideniya,RU,2019-12-31 06:05:13,64.42,-173.23,-24.43,86,0,7.45,clear sky,0.0,0.0
253,santa rosa de cabal,CO,2019-12-31 06:05:13,4.86,-75.62,66.2,100,75,4.7,drizzle,0.0,0.0
254,kahului,US,2019-12-31 06:04:26,20.89,-156.47,75.2,69,1,18.34,clear sky,0.0,0.0
255,aasiaat,GL,2019-12-31 06:05:14,68.71,-52.87,19.69,84,100,16.58,light snow,0.0,1.38
256,guasdualito,VE,2019-12-31 06:05:14,7.24,-70.73,74.46,82,66,4.65,broken clouds,0.0,0.0
257,codrington,AU,2019-12-31 06:05:14,-28.95,153.24,89.6,51,99,17.22,overcast clouds,0.0,0.0
258,jalor,IN,2019-12-31 06:05:15,25.35,72.62,66.25,26,0,5.88,clear sky,0.0,0.0
259,lavrentiya,RU,2019-12-31 06:05:15,65.58,-170.99,-22.05,84,0,9.64,clear sky,0.0,0.0
260,sakaiminato,JP,2019-12-31 06:05:15,35.55,133.23,42.8,71,75,11.41,light intensity shower rain,0.0,0.0
261,sandpoint,US,2019-12-31 06:02:57,48.28,-116.55,32.0,95,90,4.7,light rain,0.0,0.0
262,morondava,MG,2019-12-31 06:05:15,-20.3,44.28,91.09,53,37,3.83,scattered clouds,0.0,0.0
263,yeppoon,AU,2019-12-31 06:05:16,-23.13,150.74,89.6,43,12,13.87,light rain,0.19,0.0
264,naze,NG,2019-12-31 06:05:16,5.43,7.07,71.6,90,14,1.43,few clouds,0.0,0.0
265,parrsboro,CA,2019-12-31 06:00:54,45.41,-64.33,28.4,92,90,5.82,overcast clouds,0.0,0.0
266,beringovskiy,RU,2019-12-31 06:05:17,63.05,179.32,-16.64,95,0,13.69,clear sky,0.0,0.0
267,tver,RU,2019-12-31 06:05:17,56.86,35.92,36.05,93,76,8.28,broken clouds,0.0,0.0
268,cuxhaven,DE,2019-12-31 06:05:17,53.87,8.7,43.0,81,20,13.87,few clouds,0.0,0.0
269,pevek,RU,2019-12-31 06:05:17,69.7,170.27,-19.68,94,100,4.43,overcast clouds,0.0,0.0
270,veraval,FR,2019-12-31 06:00:19,49.65,0.71,33.8,100,37,2.24,mist,0.0,0.0
271,metu,ET,2019-12-31 06:05:18,8.3,35.58,69.46,58,72,2.98,broken clouds,0.0,0.0
272,brenham,US,2019-12-31 06:05:18,30.17,-96.4,46.0,74,1,3.44,clear sky,0.0,0.0
273,sinnamary,GF,2019-12-31 06:05:18,5.38,-52.96,79.16,74,83,16.26,broken clouds,0.0,0.0
274,torquay,GB,2019-12-31 06:05:19,50.47,-3.52,46.99,96,77,6.22,broken clouds,0.0,0.0
275,amla,IN,2019-12-31 06:05:19,21.92,78.13,68.95,47,63,12.1,broken clouds,0.0,0.0
276,trinidad,BO,2019-12-31 06:05:19,-14.83,-64.9,72.75,98,96,2.46,moderate rain,4.63,0.0
277,sovetskiy,RU,2019-12-31 06:05:19,56.76,48.47,28.15,96,100,16.26,light snow,0.0,1.38
278,jiazi,CN,2019-12-31 06:05:20,19.61,110.49,75.2,78,75,17.9,broken clouds,0.0,0.0
279,eganville,CA,2019-12-31 06:05:20,45.54,-77.1,32.0,97,90,13.87,light snow,0.0,0.0
280,lisala,CD,2019-12-31 06:05:20,2.15,21.52,73.17,57,97,1.12,overcast clouds,0.0,0.0
281,los llanos de aridane,ES,2019-12-31 06:05:21,28.66,-17.92,68.0,15,67,5.82,broken clouds,0.0,0.0
282,imbituba,BR,2019-12-31 06:05:21,-28.24,-48.67,77.0,88,75,11.41,broken clouds,0.0,0.0
283,sambava,MG,2019-12-31 06:05:21,-14.27,50.17,79.21,81,84,0.94,broken clouds,0.0,0.0
284,payette,US,2019-12-31 06:05:21,44.08,-116.93,32.0,90,90,3.31,overcast clouds,0.0,0.0
285,clovis,US,2019-12-31 06:05:22,36.83,-119.7,43.0,100,1,4.18,mist,0.0,0.0
286,nabire,ID,2019-12-31 06:05:22,-3.36,135.5,81.75,87,81,3.29,moderate rain,4.94,0.0
287,gourcy,BF,2019-12-31 06:05:22,13.21,-2.36,61.09,14,10,10.65,clear sky,0.0,0.0
288,saquarema,BR,2019-12-31 06:05:22,-22.93,-42.51,77.0,83,20,3.36,few clouds,0.0,0.0
289,bonavista,CA,2019-12-31 06:05:23,48.65,-53.11,33.01,85,98,10.0,light snow,0.0,0.13
290,montepuez,MZ,2019-12-31 06:05:23,-13.13,39.0,76.51,85,99,11.34,overcast clouds,0.0,0.0
291,cauquenes,CL,2019-12-31 06:05:23,-35.97,-72.32,56.07,56,0,3.96,clear sky,0.0,0.0
292,maniitsoq,GL,2019-12-31 06:05:24,65.42,-52.9,20.57,92,100,3.91,snow,0.0,3.25
293,fayaoue,NC,2019-12-31 06:05:24,-20.65,166.53,77.54,81,33,16.28,light rain,0.5,0.0
294,jumla,NP,2019-12-31 06:05:24,29.28,82.18,43.39,16,82,4.07,broken clouds,0.0,0.0
295,sorland,NO,2019-12-31 06:05:24,67.67,12.69,38.3,68,100,30.36,light snow,0.0,0.94
296,loralai,PK,2019-12-31 06:05:24,30.37,68.6,45.68,32,18,1.41,few clouds,0.0,0.0
297,nemuro,JP,2019-12-31 06:05:25,43.32,145.57,37.4,86,75,9.17,broken clouds,0.0,0.0
298,ugoofaaru,MV,2019-12-31 06:05:25,5.67,73.0,81.14,78,100,13.42,overcast clouds,0.0,0.0
299,coquimbo,CL,2019-12-31 06:05:25,-29.95,-71.34,57.2,93,40,4.7,scattered clouds,0.0,0.0
300,sao filipe,CV,2019-12-31 06:05:25,14.9,-24.5,73.56,56,100,13.15,overcast clouds,0.0,0.0
301,laguna,BZ,2019-12-31 06:05:26,16.17,-88.94,73.4,100,96,1.63,light rain,1.63,0.0
302,salalah,OM,2019-12-31 06:05:26,17.01,54.1,77.0,78,20,3.36,few clouds,0.0,0.0
303,valparaiso,US,2019-12-31 06:05:26,41.47,-87.06,32.0,100,90,20.8,light rain,0.0,0.0
304,saint-joseph,FR,2019-12-31 06:05:26,43.56,6.97,42.8,86,0,4.7,clear sky,0.0,0.0
305,padang,ID,2019-12-31 06:05:27,-0.92,100.36,80.69,75,60,1.45,light rain,1.63,0.0
306,muros,ES,2019-12-31 06:05:27,42.77,-9.06,54.0,100,90,3.36,fog,0.0,0.0
307,wangkui,CN,2019-12-31 06:05:27,46.83,126.5,-3.95,88,77,7.02,broken clouds,0.0,0.0
308,kenai,US,2019-12-31 06:05:27,60.55,-151.26,33.8,86,90,8.05,overcast clouds,0.0,0.0
309,tiksi,RU,2019-12-31 06:05:28,71.64,128.87,-21.51,87,100,7.83,overcast clouds,0.0,0.0
310,nalut,LY,2019-12-31 06:05:28,31.86,10.98,40.28,83,88,9.73,overcast clouds,0.0,0.0
311,iquique,CL,2019-12-31 06:03:36,-20.22,-70.14,69.8,68,0,6.93,clear sky,0.0,0.0
312,abu samrah,SY,2019-12-31 06:05:28,35.3,37.18,48.79,85,66,8.81,broken clouds,0.0,0.0
313,biak,ID,2019-12-31 06:05:29,-0.91,122.88,84.85,77,32,14.52,scattered clouds,0.0,0.0
314,manokwari,ID,2019-12-31 06:04:03,-0.87,134.08,75.79,87,80,7.09,light rain,1.44,0.0
315,paamiut,GL,2019-12-31 06:05:29,61.99,-49.67,21.24,43,24,4.12,few clouds,0.0,0.0
316,presidencia roque saenz pena,AR,2019-12-31 06:05:29,-26.79,-60.44,77.32,77,21,3.15,light rain,1.81,0.0
317,saint george,GR,2019-12-31 06:05:30,39.45,22.34,39.2,64,40,8.05,scattered clouds,0.0,0.0
318,oruro,BO,2019-12-31 06:05:30,-17.97,-67.11,48.2,75,99,7.07,light rain,0.31,0.0
319,rawson,AR,2019-12-31 06:05:30,-43.3,-65.11,59.88,83,4,6.31,clear sky,0.0,0.0
320,aksarka,RU,2019-12-31 06:05:30,66.56,67.8,12.29,91,100,27.27,light snow,0.0,0.69
321,bambanglipuro,ID,2019-12-31 06:05:31,-7.95,110.28,82.27,76,100,7.23,overcast clouds,0.0,0.0
322,lagoa,PT,2019-12-31 06:05:31,37.14,-8.45,53.01,81,0,5.82,clear sky,0.0,0.0
323,hualmay,PE,2019-12-31 06:05:31,-11.1,-77.61,65.37,92,82,2.89,broken clouds,0.0,0.0
324,pitanga,BR,2019-12-31 06:05:32,-24.76,-51.76,64.56,97,100,3.27,overcast clouds,0.0,0.0
325,labuhan,ID,2019-12-31 06:05:32,-2.54,115.51,90.05,60,100,0.4,moderate rain,4.13,0.0
326,hofn,IS,2019-12-31 06:05:33,64.25,-15.21,43.23,88,100,36.15,light rain,0.5,0.0
327,dukat,AL,2019-12-31 06:05:33,40.25,19.57,44.01,35,0,3.0,clear sky,0.0,0.0
328,taywarah,AF,2019-12-31 06:05:33,33.35,64.42,27.86,48,0,2.77,clear sky,0.0,0.0
329,camacha,PT,2019-12-31 06:05:34,33.08,-16.33,62.6,82,40,11.41,scattered clouds,0.0,0.0
330,ferme-neuve,CA,2019-12-31 06:05:34,46.7,-75.45,26.46,91,99,10.76,light snow,0.0,0.44
331,atar,MR,2019-12-31 06:05:34,20.52,-13.05,56.89,21,0,15.99,clear sky,0.0,0.0
332,talnakh,RU,2019-12-31 06:05:35,69.49,88.39,5.0,84,75,33.55,shower snow,0.0,0.0
333,chuy,UY,2019-12-31 06:05:35,-33.69,-53.46,70.43,96,99,3.76,light rain,0.13,0.0
334,baykit,RU,2019-12-31 06:05:35,61.68,96.39,-5.01,95,95,1.74,overcast clouds,0.0,0.0
335,dikson,RU,2019-12-31 06:05:35,73.51,80.55,10.72,91,100,28.27,light snow,0.0,0.38
336,coahuayana,MX,2019-12-31 06:05:36,18.62,-100.35,71.6,53,0,2.98,clear sky,0.0,0.0
337,trofors,NO,2019-12-31 06:05:36,65.54,13.39,39.2,96,40,2.24,scattered clouds,0.0,0.0
338,adelaide,AU,2019-12-31 06:02:59,-34.93,138.6,73.99,37,9,20.8,clear sky,0.0,0.0
339,sawakin,SD,2019-12-31 06:05:36,19.1,37.33,75.36,77,100,17.83,light rain,0.19,0.0
340,musoma,TZ,2019-12-31 06:05:37,-1.5,33.81,70.0,82,22,3.02,few clouds,0.0,0.0
341,boysun,UZ,2019-12-31 06:05:37,38.2,67.2,39.31,78,76,3.38,broken clouds,0.0,0.0
342,kakuda,JP,2019-12-31 06:05:37,37.99,140.78,42.8,48,40,32.21,scattered clouds,0.0,0.0
343,aksu,KZ,2019-12-31 06:05:38,52.04,76.93,3.2,84,90,8.95,overcast clouds,0.0,0.0
344,kieta,PG,2019-12-31 06:05:38,-6.22,155.63,84.06,68,99,4.43,overcast clouds,0.0,0.0
345,forestville,CA,2019-12-31 06:05:38,48.74,-69.09,19.4,79,40,6.93,scattered clouds,0.0,0.0
346,talara,PE,2019-12-31 06:05:38,-4.58,-81.27,71.26,90,37,14.34,scattered clouds,0.0,0.0
347,coolum beach,AU,2019-12-31 06:05:39,-26.53,153.09,84.0,74,92,7.81,overcast clouds,0.0,0.0
348,sibolga,ID,2019-12-31 06:05:39,1.74,98.78,87.35,58,71,1.9,broken clouds,0.0,0.0
349,maiquetia,VE,2019-12-31 06:05:39,10.6,-66.95,77.0,83,20,4.7,few clouds,0.0,0.0
350,grand gaube,MU,2019-12-31 06:05:40,-20.01,57.66,81.0,88,75,12.75,shower rain,0.0,0.0
351,agua fria,US,2019-12-31 06:05:40,34.24,-117.22,59.0,74,90,8.05,overcast clouds,0.0,0.0
352,kose,EE,2019-12-31 06:05:40,59.18,25.17,42.01,75,75,13.87,broken clouds,0.0,0.0
353,lamas,PE,2019-12-31 06:05:40,-6.42,-76.52,68.36,99,71,1.74,broken clouds,0.0,0.0
354,najran,SA,2019-12-31 06:05:41,17.54,44.22,59.0,54,34,1.72,scattered clouds,0.0,0.0
355,burnie,AU,2019-12-31 06:05:41,-41.05,145.91,72.0,37,0,11.99,clear sky,0.0,0.0
356,phan thiet,VN,2019-12-31 06:05:41,10.93,108.1,92.26,29,14,15.48,few clouds,0.0,0.0
357,murdochville,CA,2019-12-31 06:05:41,48.96,-65.49,11.48,72,84,4.59,broken clouds,0.0,0.0
358,hadejia,NG,2019-12-31 06:05:42,12.45,10.04,54.54,34,8,8.55,clear sky,0.0,0.0
359,puerto escondido,MX,2019-12-31 06:05:42,15.86,-97.07,78.8,69,40,2.73,scattered clouds,0.0,0.0
360,namatanai,PG,2019-12-31 06:05:42,-3.66,152.44,83.91,72,75,3.36,moderate rain,3.19,0.0
361,villarrobledo,ES,2019-12-31 06:05:43,39.27,-2.6,41.0,97,0,1.99,clear sky,0.0,0.0
362,puerto cabezas,NI,2019-12-31 06:05:43,14.04,-83.39,73.09,98,78,3.8,broken clouds,0.0,0.0
363,mapiri,BO,2019-12-31 06:05:43,-15.31,-68.22,67.3,99,100,1.52,moderate rain,4.5,0.0
364,ibarra,EC,2019-12-31 06:05:43,0.35,-78.12,55.4,93,90,5.82,light rain,0.0,0.0
365,auki,NG,2019-12-31 06:05:44,12.18,6.51,55.22,26,0,11.36,clear sky,0.0,0.0
366,nieves,MX,2019-12-31 06:05:44,24.0,-103.02,52.02,50,0,5.14,clear sky,0.0,0.0
367,ewa beach,US,2019-12-31 06:05:44,21.32,-158.01,77.0,64,1,5.82,clear sky,0.0,0.0
368,petropavlovka,RU,2019-12-31 06:05:44,50.61,105.32,-5.49,73,46,1.72,scattered clouds,0.0,0.0
369,rincon,PA,2019-12-31 06:05:44,8.46,-82.28,72.95,84,100,3.13,overcast clouds,0.0,0.0
370,inuvik,CA,2019-12-31 06:05:45,68.36,-133.71,-14.8,83,75,3.36,light snow,0.0,0.0
371,clyde river,CA,2019-12-31 06:05:45,70.47,-68.59,-23.8,67,1,3.36,clear sky,0.0,0.0
372,registro,BR,2019-12-31 06:03:50,-24.5,-47.84,67.77,99,99,1.45,overcast clouds,0.0,0.0
373,norman wells,CA,2019-12-31 06:05:46,65.28,-126.83,-20.2,75,75,2.24,broken clouds,0.0,0.0
374,reforma,MX,2019-12-31 06:05:46,24.02,-104.65,46.51,55,0,4.54,clear sky,0.0,0.0
375,tokmak,UA,2019-12-31 06:05:46,47.26,35.7,29.79,81,96,13.94,overcast clouds,0.0,0.0
376,marystown,CA,2019-12-31 06:05:46,47.17,-55.16,30.0,100,43,8.01,scattered clouds,0.0,0.0
377,pedro juan caballero,PY,2019-12-31 06:05:47,-22.55,-55.74,73.06,68,85,2.24,overcast clouds,0.0,0.0
378,jalu,LY,2019-12-31 06:05:47,29.03,21.55,44.11,79,0,4.16,clear sky,0.0,0.0
379,dunda,IN,2019-12-31 06:05:47,30.62,78.32,54.43,22,7,5.32,clear sky,0.0,0.0
380,dunedin,NZ,2019-12-31 06:03:07,-45.87,170.5,61.05,82,56,24.83,broken clouds,0.0,0.0
381,coruripe,BR,2019-12-31 06:05:48,-10.12,-36.18,76.93,84,60,10.22,light rain,0.19,0.0
382,shelburne,CA,2019-12-31 06:05:48,44.08,-80.2,35.6,74,90,9.17,light snow,0.0,0.0
383,bagdarin,RU,2019-12-31 06:05:48,54.44,113.59,-6.2,80,83,1.07,broken clouds,0.0,0.0
384,baherden,TM,2019-12-31 06:05:48,38.44,57.43,46.62,72,2,13.2,clear sky,0.0,0.0
385,capinopolis,BR,2019-12-31 06:05:48,-18.68,-49.57,69.84,90,83,4.56,light rain,0.63,0.0
386,bireun,ID,2019-12-31 06:05:49,5.2,96.7,76.93,76,88,4.12,light rain,0.31,0.0
387,chichica,PA,2019-12-31 06:05:49,8.49,-82.16,69.57,87,100,4.94,overcast clouds,0.0,0.0
388,saint-francois,FR,2019-12-31 06:05:49,46.42,3.91,30.2,100,90,4.7,fog,0.0,0.0
389,avera,US,2019-12-31 06:05:49,33.19,-82.53,51.01,65,1,4.7,clear sky,0.0,0.0
390,whyalla,AU,2019-12-31 06:05:50,-33.04,137.58,74.97,36,0,21.43,clear sky,0.0,0.0
391,araouane,ML,2019-12-31 06:05:50,18.9,-3.53,52.54,38,4,12.1,clear sky,0.0,0.0
392,vila franca do campo,PT,2019-12-31 06:05:50,37.72,-25.43,64.4,88,75,17.22,broken clouds,0.0,0.0
393,penzance,GB,2019-12-31 06:05:51,50.12,-5.53,52.0,87,49,6.93,scattered clouds,0.0,0.0
394,santiago,PH,2019-12-31 06:05:51,16.69,121.54,80.6,67,34,5.1,light rain,0.19,0.0
395,tarragona,ES,2019-12-31 06:05:30,41.12,1.25,44.01,89,0,5.01,clear sky,0.0,0.0
396,vilyuysk,RU,2019-12-31 06:05:52,63.75,121.63,-29.09,94,26,7.18,scattered clouds,0.0,0.0
397,hervey bay,AU,2019-12-31 06:05:52,-25.3,152.85,84.99,58,75,12.75,broken clouds,0.0,0.0
398,port-cartier,CA,2019-12-31 06:05:52,50.03,-66.88,9.0,65,5,8.05,clear sky,0.0,0.0
399,sampit,ID,2019-12-31 06:05:53,-2.54,112.95,83.59,86,99,2.66,moderate rain,3.5,0.0
400,nome,US,2019-12-31 06:05:53,30.04,-94.42,44.01,81,1,6.53,clear sky,0.0,0.0
401,kaitangata,NZ,2019-12-31 06:05:53,-46.28,169.85,66.99,73,56,5.01,broken clouds,0.0,0.0
402,bathsheba,BB,2019-12-31 06:05:53,13.22,-59.52,78.8,78,40,16.11,scattered clouds,0.0,0.0
403,ixtapa,MX,2019-12-31 06:05:54,20.71,-105.21,73.4,83,20,4.7,few clouds,0.0,0.0
404,yenagoa,NG,2019-12-31 06:05:54,4.92,6.26,74.66,87,26,1.9,scattered clouds,0.0,0.0
405,champerico,MX,2019-12-31 06:05:54,16.38,-93.6,73.4,73,5,6.93,clear sky,0.0,0.0
406,iznik,TR,2019-12-31 06:05:54,40.43,29.72,44.6,93,75,3.36,light intensity shower rain,0.0,0.0
407,tonstad,NO,2019-12-31 06:05:55,58.66,6.71,42.8,75,75,17.22,broken clouds,0.0,0.0
408,taltal,CL,2019-12-31 06:05:55,-25.41,-70.49,55.83,94,37,2.66,scattered clouds,0.0,0.0
409,volnovakha,UA,2019-12-31 06:05:55,47.6,37.5,28.35,83,91,12.84,overcast clouds,0.0,0.0
410,zonguldak,TR,2019-12-31 06:05:55,41.25,31.83,48.2,93,75,8.05,broken clouds,0.0,0.0
411,charters towers,AU,2019-12-31 06:05:56,-20.07,146.27,97.47,15,0,10.29,clear sky,0.0,0.0
412,kitimat,CA,2019-12-31 06:05:56,54.02,-128.69,36.0,100,90,2.24,moderate rain,0.0,0.0
413,necochea,AR,2019-12-31 06:03:20,-38.55,-58.74,71.01,1,100,1.01,light rain,0.88,0.0
414,hami,CN,2019-12-31 06:05:57,42.84,93.51,25.2,35,20,6.26,few clouds,0.0,0.0
415,hit,IQ,2019-12-31 06:05:57,33.64,42.83,54.7,52,0,14.7,clear sky,0.0,0.0
416,emerald,AU,2019-12-31 06:05:57,-23.53,148.16,99.0,20,40,11.41,scattered clouds,0.0,0.0
417,prokopyevsk,RU,2019-12-31 06:05:58,53.89,86.74,18.46,90,100,12.03,light snow,0.0,0.25
418,uyuni,BO,2019-12-31 06:05:58,-20.46,-66.82,53.26,47,1,4.36,clear sky,0.0,0.0
419,sept-iles,CA,2019-12-31 06:05:58,50.2,-66.38,9.0,65,5,8.05,clear sky,0.0,0.0
420,tezu,IN,2019-12-31 06:05:59,27.93,96.16,73.02,20,0,3.89,clear sky,0.0,0.0
421,west wendover,US,2019-12-31 06:03:04,40.74,-114.07,26.6,92,1,3.36,clear sky,0.0,0.0
422,kloulklubed,PW,2019-12-31 06:05:59,7.04,134.26,78.8,88,90,6.93,overcast clouds,0.0,0.0
423,tikhvin,RU,2019-12-31 06:05:59,59.64,33.53,36.0,95,100,1.99,overcast clouds,0.0,0.0
424,pacific grove,US,2019-12-31 06:06:00,36.62,-121.92,48.99,93,1,4.7,clear sky,0.0,0.0
425,tomatlan,MX,2019-12-31 06:06:00,19.93,-105.25,63.59,94,18,1.28,few clouds,0.0,0.0
426,khani,GE,2019-12-31 06:06:00,41.96,42.96,44.6,93,90,2.24,overcast clouds,0.0,0.0
427,san patricio,PY,2019-12-31 06:06:00,-26.98,-56.83,76.15,77,42,4.65,scattered clouds,0.0,0.0
428,pingdingshan,CN,2019-12-31 06:05:10,33.74,113.3,36.72,13,0,6.26,clear sky,0.0,0.0
429,novouzensk,RU,2019-12-31 06:06:01,50.46,48.14,25.5,82,99,21.39,overcast clouds,0.0,0.0
430,nisia floresta,BR,2019-12-31 06:06:01,-6.09,-35.21,78.8,83,40,4.7,scattered clouds,0.0,0.0
431,hoshcha,UA,2019-12-31 06:06:02,50.6,26.67,35.6,64,23,22.37,few clouds,0.0,0.0
432,northam,AU,2019-12-31 06:06:02,-31.65,116.67,89.6,18,0,8.05,clear sky,0.0,0.0
433,wuning,CN,2019-12-31 06:06:02,29.26,120.23,45.0,45,22,5.99,few clouds,0.0,0.0
434,portland,US,2019-12-31 06:05:48,43.66,-70.25,36.0,86,90,11.41,moderate rain,0.0,0.0
435,kuznechikha,RU,2019-12-31 06:06:03,63.45,41.73,27.79,91,100,8.41,light snow,0.0,0.13
436,at-bashi,KG,2019-12-31 06:06:03,41.17,75.81,8.47,93,100,1.36,light snow,0.0,0.13
437,cangucu,BR,2019-12-31 06:06:03,-31.39,-52.68,75.99,86,37,2.21,scattered clouds,0.0,0.0
438,vagur,FO,2019-12-31 06:06:03,61.47,-6.81,45.54,79,100,22.91,overcast clouds,0.0,0.0
439,maumere,ID,2019-12-31 06:06:04,-8.63,122.22,81.77,78,100,0.63,light rain,2.5,0.0
440,san pedro,AR,2019-12-31 06:06:04,-33.68,-59.66,72.0,97,97,1.99,overcast clouds,0.0,0.0
441,cruzeiro do sul,BR,2019-12-31 06:06:04,-7.63,-72.67,71.96,91,90,0.85,overcast clouds,0.0,0.0
442,bilma,NE,2019-12-31 06:06:04,18.69,12.92,47.82,50,0,11.1,clear sky,0.0,0.0
443,muli,CN,2019-12-31 06:06:05,28.08,109.56,44.2,66,35,8.12,scattered clouds,0.0,0.0
444,klaksvik,FO,2019-12-31 06:06:05,62.23,-6.59,44.6,75,100,20.8,overcast clouds,0.0,0.0
445,alyangula,AU,2019-12-31 06:06:05,-13.85,136.42,96.8,47,40,8.05,scattered clouds,0.0,0.0
446,ust-omchug,RU,2019-12-31 06:06:05,61.13,149.63,-18.99,93,43,4.52,scattered clouds,0.0,0.0
447,uchana,IN,2019-12-31 06:06:06,29.74,76.97,58.53,32,0,8.5,clear sky,0.0,0.0
448,cabo san lucas,MX,2019-12-31 06:03:57,22.89,-109.91,63.0,77,5,6.93,clear sky,0.0,0.0
449,corinth,GR,2019-12-31 06:06:06,37.94,22.93,41.0,75,90,14.99,overcast clouds,0.0,0.0
450,macia,MZ,2019-12-31 06:06:07,-25.03,33.09,86.76,55,64,2.39,broken clouds,0.0,0.0
451,kayes,ML,2019-12-31 06:06:07,14.44,-11.44,65.48,13,72,9.69,broken clouds,0.0,0.0
452,uporovo,RU,2019-12-31 06:06:07,56.31,66.27,-3.17,93,59,13.87,broken clouds,0.0,0.0
453,husavik,CA,2019-12-31 06:06:07,50.56,-96.99,7.0,92,16,5.99,few clouds,0.0,0.0
454,mitu,IR,2019-12-31 06:06:08,36.2,46.09,32.54,99,99,3.62,light snow,0.0,1.31
455,praya,ID,2019-12-31 06:06:08,-8.71,116.27,84.2,79,75,9.17,broken clouds,0.0,0.0
456,ahuimanu,US,2019-12-31 06:06:08,21.44,-157.84,77.0,69,75,13.87,broken clouds,0.0,0.0
457,caririacu,BR,2019-12-31 06:02:09,-7.04,-39.28,78.8,74,75,5.82,broken clouds,0.0,0.0
458,rio branco,BR,2019-12-31 06:06:08,-9.98,-67.82,77.0,100,97,3.36,overcast clouds,0.0,0.0
459,mashhad,IR,2019-12-31 06:02:52,36.3,59.61,39.2,93,90,4.7,mist,0.0,0.0
460,lianzhou,CN,2019-12-31 06:06:09,24.79,112.38,57.87,60,71,8.66,broken clouds,0.0,0.0
461,rio grande,BR,2019-12-31 06:05:36,-32.03,-52.1,75.99,86,52,7.78,broken clouds,0.0,0.0
462,pathein,MM,2019-12-31 06:06:09,16.78,94.73,86.54,47,8,5.28,clear sky,0.0,0.0
463,flin flon,CA,2019-12-31 06:06:10,54.77,-101.88,10.17,98,61,5.99,broken clouds,0.0,0.0
464,agadez,NE,2019-12-31 06:06:10,16.97,7.99,53.6,46,0,4.7,clear sky,0.0,0.0
465,miraflores,PE,2019-12-31 06:06:10,-16.39,-71.52,53.6,58,40,5.82,scattered clouds,0.0,0.0
466,kotka,FI,2019-12-31 06:06:11,60.47,26.95,35.6,93,90,10.29,light intensity shower rain,0.0,0.0
467,villamontes,BO,2019-12-31 06:06:11,-21.26,-63.47,72.01,90,100,2.01,light rain,0.94,0.0
468,dhilwan,IN,2019-12-31 06:06:11,30.78,76.19,58.21,45,0,6.49,clear sky,0.0,0.0
469,kaeo,NZ,2019-12-31 06:06:11,-35.1,173.78,73.99,72,25,5.99,scattered clouds,0.0,0.0
470,moroni,GR,2019-12-31 06:06:12,35.09,24.92,53.6,76,75,20.8,broken clouds,0.0,0.0
471,katangli,RU,2019-12-31 06:06:12,51.71,143.23,-1.53,85,99,12.24,overcast clouds,0.0,0.0
472,olenegorsk,RU,2019-12-31 06:06:12,68.14,33.28,10.31,94,94,3.98,light snow,0.0,0.13
473,busembatia,UG,2019-12-31 06:06:13,0.77,33.62,71.8,67,99,3.47,overcast clouds,0.0,0.0
474,launceston,AU,2019-12-31 06:05:11,-41.43,147.14,73.4,23,0,18.34,clear sky,0.0,0.0
475,irbeyskoye,RU,2019-12-31 06:06:13,55.64,95.45,18.88,94,100,1.97,light snow,0.0,0.38
476,duiwelskloof,ZA,2019-12-31 06:06:14,-23.69,30.14,73.99,84,96,1.01,overcast clouds,0.0,0.0
477,olga,US,2019-12-31 06:06:14,34.11,-118.17,62.6,47,1,3.47,clear sky,0.0,0.0
478,pekan,MY,2019-12-31 06:06:14,3.49,103.39,87.8,62,40,6.93,scattered clouds,0.0,0.0
479,cockburn town,TC,2019-12-31 06:06:14,21.46,-71.14,77.5,80,0,14.45,clear sky,0.0,0.0
480,lakes entrance,AU,2019-12-31 06:06:15,-37.88,147.99,68.0,58,75,5.99,broken clouds,0.0,0.0
481,cotonou,BJ,2019-12-31 06:02:23,6.37,2.43,73.4,88,20,4.7,mist,0.0,0.0
482,guatire,VE,2019-12-31 06:06:15,10.47,-66.54,77.0,83,20,4.7,few clouds,0.0,0.0
483,nynashamn,SE,2019-12-31 06:06:15,58.9,17.95,42.01,67,0,18.34,clear sky,0.0,0.0
484,rio gallegos,AR,2019-12-31 06:06:16,-51.62,-69.22,51.8,62,100,3.36,overcast clouds,0.0,0.0
485,yueyang,CN,2019-12-31 06:06:16,29.36,113.12,41.83,55,99,10.04,overcast clouds,0.0,0.0
486,khandagayty,MN,2019-12-31 06:06:16,50.73,92.07,-8.27,86,100,1.54,overcast clouds,0.0,0.0
487,crotone,IT,2019-12-31 06:06:16,39.09,17.12,42.22,70,0,16.93,clear sky,0.0,0.0
488,omboue,GA,2019-12-31 06:06:17,-1.57,9.26,76.37,90,76,1.41,broken clouds,0.0,0.0
489,wewak,PG,2019-12-31 06:06:17,-3.55,143.63,81.88,81,99,7.49,light rain,0.63,0.0
490,kodiak,US,2019-12-31 06:06:18,39.95,-94.76,32.0,74,90,18.34,overcast clouds,0.0,0.0
491,gdansk,PL,2019-12-31 06:05:49,54.35,18.65,44.01,81,75,32.21,broken clouds,0.0,0.0
492,maroantsetra,MG,2019-12-31 06:06:18,-15.43,49.74,81.37,66,89,2.66,overcast clouds,0.0,0.0
493,hay river,CA,2019-12-31 06:06:18,60.82,-115.79,14.0,92,20,2.24,few clouds,0.0,0.0
494,mantua,IT,2019-12-31 06:02:03,45.16,10.79,37.0,92,20,4.7,few clouds,0.0,0.0
495,christchurch,NZ,2019-12-31 06:06:19,-43.53,172.64,66.0,72,0,17.22,clear sky,0.0,0.0
496,fort nelson,CA,2019-12-31 06:06:19,58.81,-122.69,3.2,84,75,2.24,broken clouds,0.0,0.0
497,jatiroto,ID,2019-12-31 06:06:19,-7.61,109.46,91.27,58,100,3.44,overcast clouds,0.0,0.0
498,narrabri,AU,2019-12-31 06:06:19,-30.33,149.78,99.0,14,0,10.29,clear sky,0.0,0.0
499,navadwip,IN,2019-12-31 06:06:20,23.42,88.37,73.17,38,0,6.35,clear sky,0.0,0.0
500,sladkovo,RU,2019-12-31 06:06:20,55.53,70.34,-7.1,96,61,8.79,broken clouds,0.0,0.0
501,dagana,MR,2019-12-31 06:06:20,16.52,-15.51,65.3,15,79,12.57,broken clouds,0.0,0.0
502,nantucket,US,2019-12-31 06:02:41,41.28,-70.1,43.0,93,90,18.34,moderate rain,0.0,0.0
503,yerofey pavlovich,RU,2019-12-31 06:06:21,53.97,121.97,-7.96,85,0,4.79,clear sky,0.0,0.0
504,karaton,ID,2019-12-31 06:06:21,-6.34,106.1,88.0,74,75,11.41,thunderstorm,0.0,0.0
505,srednekolymsk,RU,2019-12-31 06:06:21,67.46,153.71,-31.32,99,0,2.62,clear sky,0.0,0.0
506,zaraza,VE,2019-12-31 06:06:22,9.35,-65.33,71.96,93,98,5.53,overcast clouds,0.0,0.0
507,ishigaki,JP,2019-12-31 06:06:22,24.34,124.16,62.6,93,75,21.92,light intensity shower rain,0.0,0.0
508,ulety,RU,2019-12-31 06:06:22,51.36,112.48,-6.11,76,0,2.93,clear sky,0.0,0.0
509,ukiah,US,2019-12-31 06:06:22,39.15,-123.21,48.99,93,20,2.84,light rain,0.0,0.0
510,xiaoweizhai,CN,2019-12-31 06:06:23,26.23,107.51,51.67,66,94,3.58,overcast clouds,0.0,0.0
511,saint-augustin,CA,2019-12-31 06:06:23,45.63,-73.98,30.99,100,90,10.29,light snow,0.0,0.0
512,lincoln,GB,2019-12-31 06:05:35,53.23,-0.54,43.0,100,93,5.82,overcast clouds,0.0,0.0
513,dmitriyevka,GE,2019-12-31 06:06:25,43.08,41.0,47.75,83,100,3.18,light rain,0.56,0.0
514,halifax,CA,2019-12-31 06:06:25,44.65,-63.58,30.99,79,75,12.75,broken clouds,0.0,0.0
515,batemans bay,AU,2019-12-31 06:06:25,-35.71,150.18,66.34,70,100,5.7,overcast clouds,0.0,0.0
516,port macquarie,AU,2019-12-31 06:06:25,-31.43,152.91,95.0,34,0,21.92,clear sky,0.0,0.0
517,shushenskoye,RU,2019-12-31 06:06:26,53.33,91.95,8.6,71,40,3.31,light shower snow,0.0,0.0
518,nikolayevsk-na-amure,RU,2019-12-31 06:06:27,53.14,140.72,-5.48,97,100,11.61,light snow,0.0,0.38
519,waingapu,ID,2019-12-31 06:06:28,-9.65,120.26,85.96,69,17,7.4,few clouds,0.0,0.0
520,maragogi,BR,2019-12-31 06:06:28,-9.01,-35.22,79.92,76,100,11.83,overcast clouds,0.0,0.0
521,pine bluff,US,2019-12-31 06:06:28,34.23,-92.0,42.8,52,1,5.82,clear sky,0.0,0.0
522,qarchi gak,AF,2019-12-31 06:06:28,37.04,66.79,50.0,75,40,2.24,scattered clouds,0.0,0.0
523,ahipara,NZ,2019-12-31 06:06:28,-35.17,173.16,73.99,77,0,1.01,clear sky,0.0,0.0
524,waipawa,NZ,2019-12-31 06:06:29,-39.94,176.59,73.99,58,0,5.01,clear sky,0.0,0.0
525,qingdao,CN,2019-12-31 06:06:29,36.09,120.35,30.2,42,0,4.47,clear sky,0.0,0.0
526,sale,AU,2019-12-31 06:04:31,-38.11,147.06,72.0,41,51,5.01,broken clouds,0.0,0.0
527,san policarpo,PH,2019-12-31 06:06:30,12.18,125.51,83.26,71,37,14.52,light rain,0.13,0.0
528,ajdabiya,LY,2019-12-31 06:06:30,30.75,20.22,48.7,63,0,9.08,clear sky,0.0,0.0
529,huilong,CN,2019-12-31 06:06:30,31.15,106.5,50.25,68,94,5.23,overcast clouds,0.0,0.0
530,haines junction,CA,2019-12-31 06:06:30,60.75,-137.51,25.2,97,96,10.38,light snow,0.0,0.19
531,coroata,BR,2019-12-31 06:06:31,-6.39,-44.31,68.49,97,100,2.01,light rain,2.19,0.0
532,ambon,FR,2019-12-31 06:06:31,47.55,-2.56,46.99,100,90,1.12,mist,0.0,0.0
533,yartsevo,RU,2019-12-31 06:06:31,55.07,32.69,36.03,96,100,11.61,light rain,1.13,0.0
534,amur,RU,2019-12-31 06:06:32,54.1,61.58,3.47,89,81,15.19,broken clouds,0.0,0.0
535,fare,PF,2019-12-31 06:06:32,-16.7,-151.02,81.48,79,100,15.12,light rain,2.44,0.0
536,murovani kurylivtsi,UA,2019-12-31 06:06:32,48.71,27.54,28.0,92,95,4.0,overcast clouds,0.0,0.0
537,vuktyl,RU,2019-12-31 06:06:32,63.86,57.31,9.64,90,100,13.89,light snow,0.0,0.13
538,quesnel,CA,2019-12-31 06:06:33,52.98,-122.49,33.8,100,90,11.41,light rain,0.0,0.0
539,boa vista,BR,2019-12-31 06:03:02,2.82,-60.67,80.6,69,87,11.41,overcast clouds,0.0,0.0
540,soyo,AO,2019-12-31 06:06:33,-6.13,12.37,78.8,94,20,2.77,few clouds,0.0,0.0
541,lanzhou,CN,2019-12-31 06:06:33,36.06,103.82,42.01,38,33,6.71,scattered clouds,0.0,0.0
542,reconquista,AR,2019-12-31 06:06:34,-29.14,-59.64,76.77,82,54,2.91,moderate rain,3.06,0.0
543,garowe,SO,2019-12-31 06:06:34,8.41,48.48,78.44,61,15,12.5,few clouds,0.0,0.0
544,teknaf,BD,2019-12-31 06:06:34,20.86,92.31,85.87,36,0,2.44,clear sky,0.0,0.0
545,meulaboh,ID,2019-12-31 06:06:35,4.14,96.13,81.77,74,71,5.59,broken clouds,0.0,0.0
546,vanimo,PG,2019-12-31 06:06:35,-2.67,141.3,83.57,79,87,16.46,light rain,0.12,0.0
547,kikwit,CD,2019-12-31 06:06:35,-5.04,18.82,72.61,92,88,1.41,overcast clouds,0.0,0.0
548,yabrud,SY,2019-12-31 06:06:35,33.97,36.66,39.2,86,15,4.76,few clouds,0.0,0.0
549,marzuq,YE,2019-12-31 06:06:35,14.4,46.47,70.56,53,89,1.86,overcast clouds,0.0,0.0
550,buin,CL,2019-12-31 06:06:36,-33.73,-70.74,68.0,40,0,4.7,clear sky,0.0,0.0
551,pontianak,ID,2019-12-31 06:06:36,-0.02,109.34,84.9,82,58,3.13,moderate rain,7.38,0.0
552,krasnorechenskiy,RU,2019-12-31 06:06:36,44.63,135.35,-6.68,70,0,15.57,clear sky,0.0,0.0
553,noumea,NC,2019-12-31 06:06:26,-22.28,166.46,86.0,55,75,19.46,broken clouds,0.0,0.0
554,marrakesh,MA,2019-12-31 06:06:37,31.63,-7.99,48.2,42,0,4.7,clear sky,0.0,0.0
555,yeniseysk,RU,2019-12-31 06:06:37,58.45,92.17,-3.91,96,92,4.07,overcast clouds,0.0,0.0
556,ler,NO,2019-12-31 06:06:37,63.2,10.3,39.2,86,75,34.45,shower rain,0.0,0.0
557,prince george,CA,2019-12-31 06:06:24,53.92,-122.75,35.01,96,90,18.34,light rain,0.0,0.0
558,grafton,AU,2019-12-31 06:06:38,-29.69,152.93,89.6,40,24,16.11,few clouds,0.0,0.0
559,merauke,ID,2019-12-31 06:06:38,-8.49,140.4,87.35,67,73,5.88,moderate rain,4.0,0.0
560,hambantota,LK,2019-12-31 06:06:38,6.12,81.12,89.6,70,75,9.17,broken clouds,0.0,0.0
